y_true,y_pred
879000.0,883262.7
526500.0,487270.03
262000.0,242818.89
595000.0,604126.56
430000.0,384437.4
347000.0,368645.8
400000.0,392021.25
515000.0,534296.5
552500.0,473205.75
760000.0,916789.75
269950.0,271971.8
296000.0,345437.62
361000.0,425803.88
358000.0,327929.56
190000.0,192275.2
749950.0,536418.75
255500.0,295469.4
1122500.0,1201376.5
223000.0,220885.27
681000.0,625605.2
845800.0,896247.25
1050000.0,1125753.4
471000.0,465693.8
385000.0,434650.38
338995.0,314535.34
207500.0,202170.88
354000.0,358695.9
725000.0,669610.3
260000.0,273891.28
600000.0,492232.75
175000.0,298231.6
258000.0,235884.11
405000.0,417282.53
366400.0,326310.12
2195000.0,2005808.2
632500.0,602462.1
884900.0,1139963.5
550000.0,480869.9
920000.0,980164.2
689000.0,666111.9
210000.0,224799.05
675000.0,734263.6
440000.0,464491.94
515000.0,500281.53
397000.0,346524.78
352450.0,376736.38
350000.0,334395.06
130000.0,239329.06
375000.0,389954.1
520000.0,466401.28
155000.0,264542.0
331000.0,355163.6
955000.0,731452.3
750000.0,649510.9
380000.0,403034.9
299000.0,282576.0
355000.0,332291.7
540000.0,572735.9
1049990.0,1052197.2
441500.0,475286.62
637500.0,605370.44
450000.0,391559.66
738000.0,721681.8
4208000.0,3365813.8
230000.0,243627.58
234000.0,175756.72
782000.0,844233.4
185000.0,212216.3
490000.0,607196.75
380000.0,300217.12
500000.0,486715.44
534950.0,544909.06
275000.0,382574.56
280000.0,359552.47
478000.0,592166.2
580000.0,621349.7
314950.0,272625.84
815000.0,660431.7
900000.0,1013759.1
745000.0,768139.25
1100000.0,757199.06
301000.0,432608.38
665000.0,701188.56
600000.0,394769.1
550000.0,659120.3
420000.0,513209.53
432500.0,497209.6
698000.0,705373.5
272000.0,272784.8
550000.0,825415.4
676000.0,612199.0
242000.0,254106.36
692000.0,646702.5
286900.0,301338.2
599950.0,524691.5
439000.0,458561.75
1355000.0,1353139.2
725786.0,752491.56
585000.0,674114.3
305000.0,362838.56
252000.0,242196.6
490000.0,548773.06
475000.0,495407.6
465000.0,449017.25
389000.0,333648.03
868500.0,918603.25
445000.0,309886.66
599000.0,589721.06
468000.0,427579.9
465000.0,248094.22
770000.0,694131.4
256000.0,211505.14
170000.0,290305.66
395000.0,356491.0
225000.0,240170.92
443000.0,378233.75
761000.0,665733.6
212000.0,220251.16
395000.0,394157.44
455000.0,479490.75
620000.0,603517.0
299000.0,297971.25
279000.0,266053.3
350000.0,328570.5
178000.0,275200.88
355000.0,423041.28
1031000.0,809909.3
260600.0,319439.78
240000.0,256662.14
823000.0,791078.56
465000.0,520918.7
625000.0,494040.1
565000.0,545693.6
218000.0,268383.0
1165000.0,1248932.8
415000.0,464079.12
246900.0,227377.67
259000.0,238513.89
175000.0,272848.78
575000.0,433033.3
309000.0,222167.17
211000.0,246822.0
734950.0,668996.94
350000.0,386597.72
665000.0,815053.4
324950.0,274416.66
635000.0,641910.6
249000.0,237206.83
290000.0,354437.16
344950.0,367420.88
380000.0,406386.44
277500.0,284584.56
158550.0,229431.45
378500.0,446698.34
460000.0,499669.38
307000.0,302103.22
521450.0,503442.97
965000.0,996413.7
535000.0,425345.72
795000.0,705996.56
560000.0,596906.25
807500.0,802950.75
330000.0,330170.2
1388000.0,1211394.0
545000.0,561016.8
765000.0,801801.94
353000.0,387294.12
630000.0,499947.97
547500.0,554571.5
600000.0,691295.7
92000.0,156961.25
2458000.0,2571238.0
785000.0,695020.75
285000.0,286574.62
865000.0,919267.9
460000.0,442498.28
302200.0,264423.34
445000.0,459813.7
900000.0,843474.75
257500.0,355738.88
297950.0,291182.56
510000.0,528703.44
370000.0,568593.8
235000.0,253781.7
315000.0,310258.22
399950.0,321565.12
570000.0,643320.1
380000.0,400166.97
374000.0,359267.12
611000.0,689604.94
600000.0,526943.3
327000.0,313079.84
2050000.0,1539016.0
760000.0,650941.2
375000.0,361743.62
1017000.0,780853.8
342000.0,318297.16
375000.0,299461.8
410000.0,456584.53
336000.0,324208.06
349950.0,302301.25
283450.0,318952.34
287000.0,284553.88
1084500.0,1011250.1
495000.0,513919.1
219950.0,205900.92
710000.0,738515.75
242050.0,298658.12
285000.0,297811.6
872750.0,794090.6
715000.0,798051.3
1150000.0,1179884.4
156000.0,158566.67
237000.0,285909.56
441000.0,444258.34
630000.0,422194.62
500000.0,388989.06
285000.0,305561.53
794500.0,773651.75
282500.0,304681.2
880000.0,870627.7
399950.0,367089.47
1348000.0,1002503.1
1555000.0,1377478.2
847093.0,813402.3
1105000.0,1011538.6
450000.0,451775.9
820000.0,811257.8
385000.0,451775.25
440000.0,429519.12
664000.0,725043.25
995000.0,1046461.8
360000.0,380480.06
600000.0,676634.1
400000.0,320269.7
520000.0,580033.4
531000.0,507561.53
1330000.0,1122399.8
615000.0,607609.1
453000.0,370730.4
613000.0,603011.56
534000.0,572762.25
245000.0,234172.1
385195.0,283511.2
359000.0,368566.3
684000.0,685605.94
470000.0,461211.5
243000.0,218771.8
1070000.0,1423631.6
336900.0,367380.56
557500.0,551088.7
280000.0,262201.56
716500.0,675475.5
170000.0,224078.19
605000.0,551239.7
207000.0,209910.47
512500.0,461426.5
654000.0,684748.6
415000.0,689490.3
540000.0,454042.25
443000.0,365835.03
810000.0,777189.06
335000.0,324284.88
603000.0,624641.0
160000.0,185657.12
215000.0,209546.19
780000.0,1476251.2
274000.0,273804.84
380000.0,397930.38
550000.0,669490.6
269950.0,310428.06
425996.0,390139.22
590000.0,703139.3
615000.0,602147.9
395000.0,405622.34
450000.0,597017.56
483300.0,434527.94
548000.0,493215.97
240000.0,237618.92
669500.0,665371.6
849000.0,693298.06
225000.0,252521.48
467000.0,360477.1
357000.0,349682.8
390000.0,367959.56
560000.0,492417.03
710000.0,583945.1
300000.0,283175.94
425000.0,505215.44
1200000.0,891441.4
368000.0,305335.1
350000.0,398181.72
392500.0,450192.28
405000.0,330221.88
630000.0,590713.44
245000.0,327821.72
319900.0,344060.56
615000.0,653245.6
625000.0,735101.5
439950.0,415304.88
625000.0,585754.2
750000.0,731132.5
530000.0,637271.94
625000.0,540209.06
525000.0,484741.97
265000.0,285522.03
378510.0,340492.25
623000.0,611739.94
325000.0,335219.2
970000.0,925374.7
449950.0,438001.25
1325000.0,1062438.1
1020000.0,697133.0
570000.0,688468.4
350000.0,297284.72
386180.0,350607.25
322500.0,319740.53
895000.0,1054138.5
215000.0,295394.5
181000.0,214339.83
640000.0,590135.06
2700000.0,2297865.5
275000.0,290118.47
579500.0,545385.44
250000.0,294210.8
663000.0,608083.5
152000.0,152188.2
270000.0,249493.98
635000.0,570353.06
397000.0,376241.9
207500.0,222149.33
225000.0,205139.73
631500.0,576374.44
636230.0,599615.06
585000.0,561640.94
405000.0,375343.16
900000.0,2749335.2
403950.0,414150.16
320000.0,328713.7
384500.0,351264.44
560000.0,576222.6
359950.0,410052.6
404500.0,371948.03
580000.0,560816.2
925000.0,796646.56
415000.0,376359.88
180250.0,199669.42
799950.0,940672.0
630000.0,698401.4
273000.0,286845.4
282150.0,305864.78
272000.0,294839.03
200000.0,310460.62
475000.0,539831.25
935000.0,974657.4
500000.0,580744.8
870000.0,1005277.0
615000.0,721793.94
244000.0,226490.89
863500.0,598080.5
425000.0,401588.03
850000.0,1084490.4
330000.0,276077.75
590000.0,611528.56
402000.0,457674.03
253200.0,245954.3
168000.0,265602.47
492000.0,489347.1
450000.0,396711.66
155000.0,247350.28
675000.0,592729.8
292000.0,329724.34
535000.0,750374.44
523000.0,538429.1
341000.0,403901.66
302000.0,277940.88
303000.0,279126.03
430000.0,413284.47
472500.0,420368.94
863000.0,895865.7
597000.0,627780.8
779000.0,706526.3
276200.0,238834.55
213000.0,247974.14
282000.0,276100.9
510000.0,537128.06
365000.0,384644.47
230000.0,247020.3
239999.0,239192.05
544300.0,519689.28
400000.0,483387.88
596000.0,462780.44
721000.0,563507.1
520000.0,493340.22
440000.0,425917.72
599000.0,695102.1
248000.0,282845.25
320000.0,308620.44
625000.0,634777.75
325000.0,297786.9
650500.0,622206.25
780000.0,870640.25
240000.0,295460.16
436472.0,455606.72
382000.0,381425.7
505000.0,560480.06
530000.0,470348.66
479000.0,414854.94
778000.0,794929.9
319990.0,316915.06
1675000.0,1467600.2
555000.0,633161.0
430000.0,469587.75
589000.0,650354.4
545000.0,590947.75
378000.0,392646.94
269500.0,266973.44
310000.0,339935.78
209000.0,198064.62
860000.0,911175.9
645000.0,624415.2
400000.0,470984.66
731000.0,710833.2
1197350.0,1090570.6
295000.0,270974.06
425000.0,384412.8
650000.0,606316.7
410000.0,416638.53
235867.0,239058.28
684000.0,655760.56
380000.0,485345.97
780000.0,770397.94
556000.0,560050.25
372000.0,374614.2
580000.0,588633.8
314950.0,263769.8
635000.0,739438.06
338000.0,318872.9
372000.0,392945.94
450500.0,506932.34
1200000.0,1140544.0
715000.0,740271.4
510000.0,521030.34
775000.0,822425.44
767450.0,754190.44
425000.0,443740.72
522500.0,495413.22
335000.0,314081.53
275000.0,360430.97
729000.0,685920.2
465000.0,510209.66
1500000.0,1018083.2
1135000.0,1558222.5
329500.0,400117.72
254922.0,276546.75
645000.0,626611.4
498000.0,467585.53
2480000.0,1746532.5
215000.0,304348.34
2720000.0,2157520.8
550000.0,606429.0
239950.0,254727.17
704300.0,587448.25
396000.0,374636.5
950000.0,1182741.6
349900.0,292280.47
860000.0,1352802.6
507250.0,515027.0
260000.0,299710.2
269950.0,321344.53
415000.0,533698.8
335500.0,363871.8
245000.0,272463.56
408000.0,305629.06
315000.0,312095.38
355000.0,380485.16
550000.0,600395.25
447000.0,488552.7
485000.0,412095.38
288790.0,330680.5
360000.0,381684.84
510000.0,531997.8
775000.0,851133.94
317500.0,303611.53
260000.0,266005.75
728000.0,746554.1
235000.0,241038.77
480000.0,476722.1
289000.0,253596.7
261000.0,212557.3
411000.0,541423.9
400000.0,427178.4
325000.0,363612.2
542000.0,541159.2
1950000.0,1835007.1
480000.0,485581.16
1699000.0,1925123.6
315000.0,295588.1
862000.0,754238.1
375500.0,363036.62
555000.0,603745.75
680000.0,577483.5
445000.0,128149.305
507500.0,506898.4
96500.0,153416.39
364950.0,330507.3
602500.0,666275.4
390000.0,260583.53
1125000.0,1188522.2
930000.0,1056536.8
195000.0,214911.33
1727000.0,1728422.0
449000.0,540656.4
783500.0,940245.3
575000.0,650713.3
500000.0,577153.25
625000.0,570586.25
347000.0,328262.0
525000.0,453218.84
254600.0,237098.22
700000.0,577062.3
499950.0,518134.28
655000.0,493958.97
299000.0,299319.9
600000.0,624239.8
563750.0,630495.8
654000.0,700375.0
447000.0,380564.7
547000.0,443665.25
598500.0,578219.06
420000.0,417438.8
670000.0,609209.4
385000.0,390998.1
525000.0,517027.6
269950.0,278689.4
845000.0,802234.44
710000.0,722628.0
628000.0,616326.94
219900.0,177731.5
225000.0,274945.84
306000.0,333094.25
218500.0,243251.6
768000.0,709486.0
189000.0,187315.86
452100.0,503183.9
778100.0,520781.1
548000.0,763066.1
210000.0,224641.36
365000.0,353350.84
370000.0,408605.66
335950.0,369508.6
931088.0,936369.2
760000.0,748664.5
256000.0,249379.28
265000.0,260206.1
605000.0,613741.25
370000.0,415131.72
465000.0,441319.3
455000.0,465991.03
640000.0,656847.8
690000.0,731611.2
630000.0,606344.3
425000.0,618644.06
510000.0,465115.0
269950.0,289489.9
625000.0,617090.2
315000.0,275579.78
520000.0,562143.9
364000.0,360581.28
440000.0,490856.62
374000.0,405771.16
875000.0,894962.25
293000.0,249311.44
1065000.0,865838.1
304950.0,277656.94
639900.0,675192.6
1245000.0,1150370.9
325000.0,463507.88
217000.0,187067.98
536000.0,516704.06
431000.0,448936.0
1488000.0,2060451.8
620000.0,647033.06
500000.0,503805.22
279900.0,277709.16
810000.0,846946.2
1200000.0,936771.4
567500.0,585384.5
470000.0,461511.12
783200.0,707018.5
780000.0,749105.5
246500.0,238886.06
790000.0,792007.7
500000.0,593941.2
225000.0,219611.67
270000.0,237156.56
465000.0,448489.0
325000.0,251164.06
329900.0,382426.22
579000.0,511390.25
992000.0,1058088.9
1400000.0,1160764.2
399950.0,434439.66
712000.0,681430.25
533000.0,574476.94
270000.0,346979.94
375000.0,409842.12
1010000.0,1039471.0
641000.0,672110.0
510000.0,512020.12
399950.0,484743.03
620000.0,597163.75
1375000.0,1453080.0
467000.0,454841.25
254000.0,236885.14
443000.0,375736.22
443600.0,473125.03
1098000.0,1078450.0
529000.0,507102.2
377500.0,381870.38
1195000.0,1248246.4
229950.0,193736.0
522000.0,549394.8
390000.0,445957.34
345000.0,415319.2
235000.0,264210.9
628000.0,629980.75
700000.0,685089.9
614285.0,600802.56
552250.0,545286.3
217000.0,190653.72
491500.0,473455.3
665000.0,726868.6
390000.0,386083.1
474000.0,558762.6
1350000.0,1070064.0
510000.0,436920.12
1348000.0,1274929.5
204000.0,210437.36
999000.0,988248.44
850000.0,880973.8
349950.0,404652.06
759000.0,738949.3
608000.0,698732.8
424900.0,572987.5
795000.0,744197.06
620000.0,660350.94
700000.0,653072.1
350000.0,317499.12
389900.0,438879.9
291000.0,263646.47
270000.0,345610.9
385000.0,398499.72
374000.0,343594.1
1185000.0,953153.1
395000.0,341805.16
448000.0,453136.4
262500.0,226797.56
212000.0,246654.86
440000.0,464992.7
786000.0,781703.6
808000.0,811383.2
338800.0,336307.78
365000.0,318978.12
178000.0,191663.61
685650.0,619443.75
796500.0,815943.0
450000.0,663089.56
424000.0,449973.44
635000.0,668877.4
620000.0,594608.25
640000.0,646261.94
1160000.0,1154159.4
405000.0,410600.8
680000.0,634787.4
701000.0,640183.3
450000.0,466326.78
425000.0,412584.34
1450000.0,1356534.1
215000.0,211377.69
330000.0,358860.72
760000.0,665761.75
670000.0,701881.8
215000.0,283264.47
206000.0,166832.28
760000.0,844354.1
128750.0,153130.19
455000.0,457758.78
260000.0,305436.97
429900.0,463105.44
730000.0,519717.25
424950.0,424912.06
739900.0,756941.06
325000.0,341464.88
299000.0,300364.53
660000.0,632257.4
379000.0,374420.6
700000.0,689068.25
650000.0,620990.6
330000.0,342374.53
960000.0,988646.6
491500.0,583681.5
360500.0,406660.7
605000.0,718464.9
640000.0,679104.2
290000.0,286116.47
306000.0,377319.53
230000.0,244006.28
146000.0,178266.34
630000.0,576272.0
300000.0,263231.16
565000.0,588315.94
490000.0,510970.75
257000.0,307695.34
260000.0,218894.58
475000.0,687343.25
685000.0,727080.44
610000.0,613254.9
220000.0,290175.94
570000.0,641043.7
401000.0,378053.53
440000.0,533201.8
230000.0,250647.47
339990.0,351011.56
280000.0,291945.38
1385000.0,1063553.5
829000.0,1226723.0
625000.0,711503.2
925000.0,731536.3
570000.0,617720.2
215000.0,212508.17
320000.0,272817.06
880000.0,1098249.2
255000.0,266260.28
410000.0,461512.56
500000.0,493346.2
625000.0,517645.25
280000.0,309961.6
429000.0,411925.4
256400.0,220343.42
412500.0,460344.62
408000.0,412297.7
864500.0,806543.0
240000.0,314867.3
299950.0,296967.4
263000.0,247353.89
525000.0,455997.28
490000.0,513528.94
1300000.0,1047244.9
227000.0,204452.4
782000.0,766010.06
270000.0,301104.25
340000.0,373594.12
190000.0,246983.6
1206690.0,1132191.0
366000.0,324108.7
725000.0,469553.56
612500.0,540744.94
364000.0,394767.44
760000.0,657283.56
265000.0,239489.72
760000.0,705896.06
1600000.0,1314812.1
575000.0,558819.94
475000.0,367182.66
725000.0,735193.2
1712500.0,1618212.9
280000.0,339279.56
224000.0,259383.5
345000.0,376393.84
658100.0,636482.44
465000.0,477950.47
315000.0,324884.0
823000.0,796070.9
282500.0,270487.53
490000.0,489990.47
379950.0,354495.3
482500.0,496573.94
835000.0,1002697.3
466000.0,417923.16
502000.0,388781.22
539000.0,506901.4
253000.0,227852.78
145000.0,173427.38
313500.0,334575.97
293000.0,321852.0
449950.0,412545.6
735000.0,651276.06
520000.0,487783.0
395000.0,380780.44
223990.0,202530.64
350000.0,370632.97
258305.0,261521.9
629000.0,614203.56
395000.0,372616.62
217000.0,226766.16
925000.0,801772.25
695000.0,599729.8
790000.0,501348.5
287500.0,261457.4
357186.0,382864.4
999000.0,848112.56
808000.0,674986.94
680000.0,766462.94
589000.0,542963.75
675750.0,673022.94
374950.0,344303.4
169000.0,269487.4
530000.0,416792.34
700000.0,684185.6
782500.0,850292.0
788000.0,787092.94
285000.0,254239.12
199500.0,276409.8
453246.0,494033.06
654300.0,692885.6
545000.0,488890.9
655000.0,572255.9
550000.0,380192.28
346000.0,230458.81
1050000.0,1087486.6
358800.0,364599.5
320000.0,327759.16
263000.0,275374.44
335000.0,341821.66
2700000.0,2433685.5
235000.0,260782.44
730000.0,817514.2
347000.0,392890.94
562000.0,607167.75
550000.0,550756.4
433000.0,486651.16
199129.0,185979.5
920000.0,790283.9
376000.0,368303.28
390000.0,333338.44
369500.0,363557.47
450000.0,487425.84
440000.0,425179.56
889000.0,908717.75
475000.0,396067.53
799000.0,830333.7
570000.0,529473.25
1289000.0,1242065.5
435000.0,531833.1
936000.0,895404.75
420000.0,303099.3
528000.0,362953.44
335000.0,335976.3
490500.0,491154.6
256000.0,277303.22
530000.0,485667.25
859900.0,830218.56
210000.0,274181.2
501000.0,534548.8
1000000.0,1389535.0
160000.0,199598.56
1102030.0,1389093.9
279000.0,353516.72
82500.0,150635.62
379950.0,361249.3
325000.0,335748.53
415000.0,364533.7
284200.0,229949.14
633000.0,771854.9
245560.0,342315.4
751000.0,711345.0
775000.0,832390.1
650000.0,704898.9
203700.0,244168.62
750000.0,718063.5
300000.0,332868.0
333700.0,308945.34
579000.0,621766.9
505000.0,346245.03
275000.0,298754.8
378000.0,384059.72
519000.0,396794.06
1030000.0,1032428.1
313000.0,234777.38
572115.0,513711.84
639900.0,686417.56
2300000.0,1609494.6
484000.0,643195.6
650000.0,629788.75
256500.0,287595.72
360000.0,356694.12
610000.0,456784.1
389250.0,416288.56
1600000.0,1656346.0
418000.0,439569.94
464950.0,385064.47
1098000.0,1078281.5
748000.0,985440.25
565000.0,587508.94
581000.0,611125.4
250000.0,250778.67
395000.0,403821.62
583000.0,633833.7
230000.0,296251.12
250000.0,255044.84
815000.0,1168103.9
170000.0,285398.78
387500.0,536227.94
511000.0,537464.44
585000.0,528628.5
747000.0,565157.7
217000.0,177294.86
110700.0,177121.95
710000.0,723403.94
799950.0,867824.0
442500.0,456549.94
690000.0,713159.7
450000.0,442675.97
445000.0,395730.53
378000.0,299040.0
435000.0,403912.34
235000.0,222282.95
455000.0,469656.9
620000.0,574638.2
1350000.0,1722116.6
1010000.0,908338.2
696500.0,596926.44
715000.0,650728.56
272000.0,247905.48
445000.0,424268.9
395000.0,448216.8
835000.0,847251.25
705380.0,660066.94
1050000.0,1025883.25
255950.0,308678.56
190000.0,298881.0
1050000.0,853370.75
489000.0,481247.5
600000.0,631988.9
409900.0,538966.5
500000.0,585910.75
691500.0,716426.6
345000.0,321096.9
315000.0,423716.94
629000.0,385455.66
320000.0,306018.22
199000.0,241219.03
1470000.0,1229853.5
258900.0,292900.56
340000.0,346787.38
415000.0,412736.4
525000.0,624614.44
396000.0,361058.6
200000.0,214987.2
339950.0,284545.84
255000.0,223369.75
545000.0,495114.22
875000.0,843660.3
940000.0,888306.2
262000.0,223802.7
865000.0,697722.7
207200.0,214970.48
895000.0,1057327.4
450000.0,639801.25
190000.0,195582.02
398000.0,439198.22
1050000.0,1051213.0
740000.0,665774.06
340000.0,358706.38
455000.0,463200.03
620000.0,534464.44
425590.0,453197.53
402000.0,500187.88
299950.0,348562.5
849950.0,781329.75
635000.0,665898.1
261000.0,320316.88
2650000.0,1888046.1
359950.0,320679.6
435000.0,420384.75
402000.0,309860.25
643500.0,600345.2
380000.0,312428.6
219950.0,237849.36
616000.0,643868.56
345000.0,403927.94
173000.0,224140.0
578888.0,506410.97
338000.0,349377.1
267000.0,264801.6
230000.0,340364.22
674000.0,627359.3
300000.0,415035.56
224000.0,211957.72
405000.0,422925.22
310000.0,309191.56
519950.0,472318.56
475000.0,527506.4
850000.0,730761.0
590000.0,578483.6
2750000.0,2884414.0
814950.0,813206.6
488000.0,481604.0
428000.0,418196.88
585000.0,573535.0
838400.0,959317.5
275000.0,331159.22
1250000.0,1085997.8
487028.0,584705.0
886000.0,800707.06
782000.0,848908.1
391500.0,413941.84
310000.0,290240.62
190848.0,212287.94
324950.0,317428.7
536000.0,538661.7
827000.0,782652.56
418900.0,341975.9
270000.0,346792.28
465000.0,441783.78
838000.0,757148.7
490000.0,474056.78
720000.0,735143.9
281000.0,263692.72
945000.0,883903.6
265000.0,281231.16
423800.0,497637.5
515000.0,474313.9
970000.0,906280.75
1776000.0,1448515.1
440000.0,633294.6
289950.0,298719.9
890000.0,798606.7
1612500.0,2647553.2
269900.0,277869.0
975000.0,1212802.9
820000.0,918012.44
406500.0,459707.2
343000.0,326973.97
255000.0,261817.39
347500.0,344144.53
340000.0,264850.06
323400.0,284089.88
229000.0,376368.44
259875.0,326875.5
450000.0,570998.44
385000.0,493253.88
345000.0,381412.34
270000.0,326005.97
585000.0,584288.8
1306000.0,1263845.6
210000.0,258091.03
625000.0,720449.44
440000.0,614373.0
1210000.0,1178946.6
380000.0,392973.25
775000.0,650998.9
521000.0,530542.8
705000.0,639738.6
221000.0,235924.56
115000.0,197735.45
1300000.0,937485.0
789888.0,914993.9
260656.0,245090.58
219950.0,187587.5
477000.0,367339.62
685000.0,710950.8
365000.0,328167.8
240000.0,218252.03
615000.0,592761.1
219000.0,218223.28
435000.0,449311.12
405000.0,487691.25
394999.0,386062.0
750000.0,574664.2
440500.0,490794.25
319000.0,290301.6
355000.0,376385.66
815000.0,720643.3
333000.0,356453.28
507000.0,467551.97
448000.0,403778.22
527550.0,309146.25
1825000.0,2267153.0
435000.0,566319.06
323000.0,377316.66
205000.0,228341.39
1029000.0,1050254.0
299950.0,319118.78
370950.0,357980.53
500000.0,530956.2
383000.0,386958.72
1175000.0,1002096.75
472800.0,514797.38
890000.0,1011165.9
180000.0,207225.66
300000.0,399727.38
316000.0,351436.9
540000.0,503603.06
356700.0,352179.16
1236300.0,1042830.75
449950.0,413792.6
302000.0,263301.0
451000.0,477405.28
540000.0,565804.3
649950.0,712968.0
310000.0,259058.62
1017000.0,851877.4
299900.0,305002.38
919204.0,1142661.4
455000.0,425471.03
465000.0,445191.44
545000.0,459291.72
380000.0,246357.52
484259.0,527392.9
373000.0,437047.75
268000.0,308565.12
325000.0,347360.44
306000.0,363031.4
735000.0,704580.0
361810.0,307427.6
1095000.0,894819.94
1150000.0,1237215.8
450000.0,477329.25
640000.0,530256.06
447500.0,400814.56
735000.0,538957.94
432000.0,374951.75
631000.0,673832.5
895000.0,846862.4
414950.0,405685.12
306888.0,268276.5
190000.0,271890.88
350000.0,363923.25
1387000.0,1466751.9
320000.0,317290.8
203000.0,217959.27
733000.0,711324.06
650000.0,804590.06
239900.0,189490.3
1057000.0,907647.4
292000.0,311709.06
230000.0,270114.66
300000.0,243640.75
265000.0,254249.3
448000.0,456869.6
640000.0,439953.5
215000.0,277392.0
479000.0,377750.1
765000.0,829515.4
445000.0,475574.56
204250.0,267095.97
1160000.0,1582319.0
1400000.0,1599586.0
415000.0,462279.12
435000.0,323509.88
216000.0,216536.33
395000.0,416581.62
868000.0,722626.06
292000.0,292124.28
434000.0,443663.72
190500.0,358865.34
360000.0,331912.22
400800.0,394596.1
425000.0,237894.08
438000.0,481393.72
529950.0,472868.22
333500.0,317216.75
554820.0,610828.3
776500.0,656306.6
1240000.0,1278483.9
695000.0,696463.0
700000.0,751188.3
1150000.0,1113630.9
657000.0,545257.4
908950.0,964840.1
417000.0,436858.97
1900000.0,1466472.5
115000.0,200177.08
173250.0,213035.42
526000.0,571359.3
340000.0,382339.53
527500.0,570052.7
539000.0,599009.0
308500.0,335564.06
467000.0,364594.03
251750.0,253576.88
255000.0,265686.62
550000.0,579268.4
1535000.0,1250004.9
568000.0,636695.5
213000.0,192017.08
445000.0,465539.9
240000.0,252848.8
240000.0,351731.8
325000.0,312424.5
292000.0,295525.38
516500.0,529967.9
995000.0,1361342.9
700000.0,747479.06
1265000.0,1036233.9
360000.0,262495.62
771005.0,793794.3
372000.0,329822.84
485500.0,518139.78
435000.0,464709.22
498000.0,461076.94
230000.0,198316.42
215500.0,224350.77
440000.0,442586.94
395000.0,443036.8
550000.0,574686.7
453500.0,398969.88
570000.0,401649.53
275000.0,321507.1
449500.0,436201.47
865000.0,840429.4
575000.0,509990.34
445000.0,483777.47
350500.0,290186.2
305000.0,421054.3
362000.0,373188.62
181000.0,298619.03
299950.0,308278.53
250000.0,232630.44
441000.0,507015.38
599000.0,644343.06
290000.0,245969.16
772000.0,641221.9
279000.0,282424.3
359000.0,321646.72
572000.0,599544.0
645000.0,654656.0
544500.0,580570.75
499000.0,538633.94
249000.0,242764.3
403000.0,467473.56
671300.0,668106.44
365000.0,381755.38
1400000.0,1061858.6
375000.0,358470.9
390000.0,389302.78
599500.0,560394.0
960000.0,920513.6
465000.0,522392.22
600000.0,562435.7
625000.0,716254.7
475000.0,440547.22
199950.0,212605.34
3600000.0,2696200.0
600000.0,400179.7
225000.0,263505.06
699000.0,627326.6
629950.0,670205.06
649950.0,696673.0
340000.0,357385.1
299995.0,287831.4
795000.0,730634.7
280000.0,277971.16
713000.0,723474.56
1035000.0,903444.8
665000.0,642467.3
249000.0,320121.53
810000.0,847000.3
205000.0,233732.73
389999.0,386179.8
213400.0,269760.8
385000.0,415418.38
619400.0,636146.6
672500.0,665209.2
532000.0,423381.22
415000.0,406289.9
1225000.0,1562893.2
370000.0,381111.94
650000.0,799743.7
1500000.0,1722778.5
540000.0,596970.0
685000.0,769839.25
375000.0,443222.5
330000.0,374112.28
910000.0,787399.0
295000.0,383799.28
525126.0,534382.7
455000.0,465052.16
442573.0,429328.2
550000.0,635710.2
385000.0,381076.03
327500.0,299777.75
560000.0,459872.03
390000.0,406958.25
1500000.0,1464159.8
220000.0,245625.23
380000.0,497027.4
350000.0,519785.9
508000.0,526378.94
562000.0,625695.8
550000.0,590455.56
890000.0,945309.9
436300.0,450331.28
112000.0,142084.0
730000.0,663267.7
465000.0,346607.5
370000.0,416780.06
545000.0,576145.6
920000.0,842908.3
475000.0,456315.9
250500.0,247761.22
775000.0,801975.0
469900.0,464946.72
1230000.0,1385338.6
1445000.0,1519795.9
504058.0,559080.5
454800.0,662959.4
1450000.0,1378722.2
237000.0,241017.56
241000.0,260264.58
1210000.0,1355150.9
525000.0,428009.94
739000.0,846309.25
400000.0,420054.94
550000.0,539262.44
517000.0,371608.28
252000.0,245546.66
618000.0,700554.6
204700.0,229457.39
1100000.0,1047268.56
792000.0,833195.4
356000.0,340067.47
2300000.0,1811053.8
399000.0,448115.38
369000.0,341112.8
1250000.0,1323218.2
500000.0,541789.94
390000.0,373955.6
421000.0,377702.34
395000.0,471995.3
587500.0,493232.9
440000.0,468506.1
281500.0,259400.27
775900.0,731722.2
447450.0,441249.28
410000.0,393395.56
299999.0,281690.16
314950.0,282789.78
720000.0,839072.2
340000.0,343008.38
679000.0,725765.8
337500.0,276505.62
205000.0,210671.38
570000.0,583870.06
500000.0,513885.0
533500.0,518794.9
348000.0,291497.34
353500.0,326498.25
700000.0,310547.38
529000.0,650354.8
515000.0,543421.56
406550.0,526877.6
530000.0,415993.06
465000.0,418890.7
305450.0,306305.1
365000.0,394767.44
494000.0,525692.06
275000.0,310917.97
712000.0,710527.8
505000.0,505610.56
815000.0,803161.4
800000.0,760004.1
779000.0,827496.9
740000.0,731662.8
205000.0,186903.02
555000.0,565834.2
490000.0,503573.34
225000.0,219710.95
2351960.0,2257703.0
312000.0,343593.44
1062000.0,879244.3
640000.0,630885.5
274975.0,654277.75
399950.0,470535.06
540000.0,702918.2
970000.0,381583.47
245000.0,226387.23
561750.0,583633.2
630000.0,664608.6
771000.0,607605.6
1476000.0,1249950.8
355000.0,378926.7
750000.0,658942.56
526000.0,446775.4
930000.0,740509.0
762000.0,714619.6
264900.0,272237.8
659500.0,767357.25
825000.0,790368.2
490000.0,501916.22
660000.0,698986.44
369950.0,341767.06
442000.0,465839.62
1575000.0,1930902.4
330000.0,296168.72
156601.0,264515.53
855000.0,898410.56
440000.0,428865.0
578000.0,512703.06
588000.0,584692.1
269950.0,313103.97
425000.0,383999.22
1475000.0,1492070.8
480000.0,413073.94
354000.0,348129.44
690000.0,698205.56
860000.0,662169.94
299000.0,335488.1
465000.0,438065.66
460000.0,423661.25
270500.0,313887.16
600000.0,621599.3
700000.0,687220.6
300000.0,284718.5
475000.0,495756.44
535000.0,500137.4
812000.0,772539.25
290000.0,357124.2
495000.0,484863.4
767500.0,845714.4
421000.0,328474.75
440000.0,405188.62
575000.0,449079.47
690000.0,648531.0
411500.0,480762.12
289950.0,318294.44
920000.0,1011330.4
294000.0,286718.56
898500.0,894471.06
458000.0,594578.0
440000.0,434525.88
620000.0,769907.7
240000.0,264086.9
335000.0,338865.12
750000.0,885332.06
860000.0,860150.7
385000.0,309419.38
585000.0,545340.4
409500.0,463402.34
472000.0,596196.0
405000.0,488457.47
285000.0,385537.2
317000.0,368483.3
429900.0,421394.1
308000.0,261613.16
848000.0,865612.3
460000.0,525322.25
572500.0,639797.4
400950.0,526827.8
612000.0,571278.9
305000.0,328442.53
548500.0,549456.6
539000.0,515092.88
560000.0,540139.6
562500.0,639782.5
338000.0,344216.9
360000.0,438444.34
248500.0,203826.77
253000.0,227710.89
690500.0,630084.6
271000.0,236431.81
340000.0,346066.3
750000.0,672074.44
463000.0,428558.6
549950.0,488051.94
305000.0,324873.84
530000.0,510929.72
268000.0,353115.47
435000.0,426391.5
230000.0,305297.2
305000.0,268534.94
511718.0,518772.2
480000.0,449427.62
440000.0,466604.88
837500.0,856571.5
639888.0,574828.94
540500.0,563678.75
435000.0,573784.7
455000.0,505293.25
1305000.0,1234621.4
272000.0,263859.34
500000.0,516086.44
550000.0,453055.16
785000.0,830937.2
560000.0,549497.5
345000.0,507516.06
905000.0,934741.94
294000.0,280376.25
911000.0,844985.6
201000.0,391133.12
402300.0,517383.0
603000.0,569713.5
1990000.0,2306416.0
775000.0,816099.1
450000.0,451476.66
251000.0,218573.19
1570000.0,1516262.8
749950.0,679296.75
289950.0,263728.38
480000.0,434610.4
406000.0,342771.72
570000.0,499068.6
231500.0,214393.7
769000.0,1230361.4
799990.0,810579.8
455000.0,382138.0
467500.0,439578.16
311600.0,302236.3
510000.0,470910.6
390000.0,411865.62
650000.0,595678.0
865000.0,794338.8
432500.0,412848.6
810000.0,512373.0
315000.0,362111.44
920000.0,886850.6
279000.0,296079.66
790000.0,912881.6
303697.0,453995.94
294000.0,256233.6
648475.0,750955.75
549000.0,511565.6
982000.0,778824.0
525300.0,528351.06
1272000.0,1086908.8
286000.0,295072.9
193000.0,186755.55
825000.0,623885.94
650000.0,751915.7
1300000.0,788906.7
437000.0,466493.1
422800.0,426707.06
323000.0,372032.88
601000.0,593470.0
585000.0,563380.56
1800000.0,1658662.8
381000.0,375270.94
719950.0,773157.4
210000.0,224869.77
585000.0,630078.1
1149000.0,1214539.0
574500.0,626761.06
400000.0,472377.72
389000.0,397967.9
310000.0,250728.12
325000.0,338862.03
310000.0,325030.72
1598000.0,1697059.4
720168.0,586211.56
999000.0,738962.06
230000.0,248222.44
349950.0,364156.9
475000.0,428422.94
535000.0,565834.6
482500.0,469857.6
286308.0,269605.8
800000.0,666566.75
1438890.0,1254320.4
730000.0,637330.75
350000.0,337192.25
435500.0,515309.28
2150000.0,1092273.8
204950.0,209982.78
650000.0,735842.5
358500.0,320409.6
680000.0,579982.3
849900.0,654624.4
490000.0,520665.94
436000.0,451911.06
431000.0,437801.28
625000.0,590768.0
835000.0,1084757.0
545000.0,490324.03
275000.0,312786.78
644500.0,689717.6
575000.0,530387.94
452000.0,476759.1
380000.0,443913.0
850000.0,912448.8
286000.0,368706.22
272000.0,290261.34
715000.0,707229.9
610000.0,540919.94
700000.0,559574.56
740000.0,854868.25
275000.0,308293.47
1072000.0,988753.1
322000.0,327791.03
749000.0,793908.6
352750.0,361654.88
845000.0,796722.5
485000.0,571742.75
280000.0,265722.34
925000.0,1160705.8
410000.0,367233.8
465750.0,434360.8
801000.0,828042.75
1025000.0,877764.9
565000.0,609913.6
390000.0,400522.97
585000.0,778988.25
835000.0,669719.44
1970000.0,2129437.0
395000.0,359934.6
339989.0,361098.6
525000.0,614330.3
272000.0,342954.0
455000.0,510565.16
207500.0,226932.19
430000.0,458491.28
160000.0,207863.89
555000.0,567289.1
410000.0,503321.44
459995.0,462109.84
129888.0,188598.39
635000.0,606415.44
550700.0,591113.56
235000.0,305312.12
191000.0,205695.34
550000.0,594360.5
465000.0,416963.66
693000.0,797796.0
260000.0,333799.1
365000.0,364178.53
510000.0,510242.7
462000.0,475886.0
299900.0,298818.88
909000.0,941330.1
195000.0,227455.33
398000.0,409482.88
700000.0,808209.9
327000.0,341583.03
288000.0,226975.1
475000.0,443249.97
254950.0,227266.69
329000.0,343404.12
560000.0,588961.4
490000.0,422875.12
160000.0,190167.62
425000.0,512121.78
310650.0,315410.1
294900.0,266089.3
238000.0,244560.98
663000.0,667237.7
299950.0,345969.66
329950.0,300550.22
422000.0,487604.75
740000.0,989818.2
490000.0,488016.56
323000.0,339862.84
220000.0,252886.38
650000.0,724387.56
640000.0,643817.56
261500.0,298526.72
536000.0,531006.2
791000.0,737813.0
282000.0,291539.2
275000.0,346597.25
1050000.0,788735.44
785000.0,857001.44
495000.0,479675.28
269500.0,273444.12
432100.0,488364.9
630000.0,632149.7
410000.0,501726.3
452500.0,450307.28
510000.0,547776.0
780000.0,718283.06
353900.0,322543.12
375000.0,370663.03
425000.0,400391.34
338000.0,363194.47
401500.0,372860.66
555000.0,606790.9
195000.0,333834.56
515000.0,622470.6
265000.0,271452.44
900000.0,1015482.3
245000.0,277669.12
441500.0,563900.6
469000.0,425175.3
551000.0,593290.94
488000.0,509247.38
555000.0,608370.25
700000.0,389358.12
555700.0,557906.9
657500.0,614545.8
580000.0,456874.88
140000.0,216457.66
352000.0,427547.12
360000.0,368338.84
385000.0,502392.97
480000.0,436369.9
587100.0,587496.8
583500.0,475631.22
242500.0,247544.33
615500.0,546853.6
520000.0,432593.9
213550.0,240530.58
358000.0,337883.78
246950.0,286712.9
380000.0,382339.34
872500.0,833096.6
775000.0,572735.3
441500.0,407236.22
685000.0,709052.7
1450000.0,1788469.0
732000.0,760620.56
447500.0,422952.53
300000.0,275090.25
469000.0,422457.66
605000.0,605222.2
260000.0,258328.98
766500.0,771560.5
328500.0,315284.1
280000.0,221186.14
350000.0,307805.53
1090000.0,1160306.2
525000.0,588679.56
445000.0,542772.56
226950.0,190532.11
405000.0,421189.34
675000.0,584803.06
616950.0,706575.25
1025000.0,956185.0
392800.0,446578.78
1384000.0,1352143.6
415000.0,444118.66
465000.0,481361.47
156000.0,259986.06
252500.0,266153.34
275000.0,265369.1
455000.0,493981.62
515000.0,492043.56
318400.0,293025.94
475000.0,271839.94
1010800.0,1025771.7
1400000.0,1392243.5
550000.0,1185186.4
206000.0,187098.62
787888.0,865381.1
290000.0,260161.81
290000.0,281614.5
962800.0,918959.3
325000.0,298055.62
669000.0,681283.44
320000.0,331012.94
1488000.0,1738696.1
1300000.0,1530909.5
607500.0,597445.06
750000.0,899572.44
666500.0,711748.1
192500.0,198490.5
411000.0,474924.1
548000.0,369609.9
344200.0,345803.12
1225000.0,1077404.2
368888.0,369352.16
300000.0,245699.4
400000.0,410713.56
263000.0,243665.42
1175000.0,956291.25
570000.0,583631.3
605000.0,568138.0
445830.0,442920.94
380000.0,391280.66
440000.0,476567.66
165000.0,225139.8
336500.0,294419.0
755000.0,573153.94
600600.0,570915.2
580000.0,572700.6
282500.0,287127.7
408000.0,451764.28
379500.0,409566.2
445500.0,464836.4
1208000.0,1051223.5
240000.0,254017.06
385000.0,346403.4
1295000.0,1321989.4
501000.0,482584.88
300000.0,342470.88
370900.0,354998.12
420000.0,428591.62
775000.0,792621.0
680000.0,650826.8
307450.0,282385.53
402000.0,454693.44
257000.0,242799.67
600000.0,522167.28
355000.0,316031.03
565000.0,431862.66
624500.0,662537.25
509950.0,632538.1
225000.0,237646.83
689000.0,667041.0
585000.0,637623.9
260000.0,275025.12
1075000.0,923292.0
275900.0,210827.58
500000.0,620385.94
900000.0,976327.7
249900.0,228050.83
475000.0,547821.94
760000.0,827040.25
740000.0,740847.1
802000.0,672115.25
488000.0,535931.6
380950.0,323196.34
295000.0,323434.66
825000.0,775518.7
720000.0,574866.56
270000.0,288916.72
286800.0,303882.25
119900.0,131923.34
769995.0,806401.56
325000.0,266976.22
1880000.0,1660427.8
190000.0,196397.03
554000.0,538103.6
430000.0,390467.0
469775.0,611297.7
1075000.0,825529.4
214100.0,208076.8
2475000.0,1615268.5
1250000.0,1254064.9
482500.0,542284.06
180000.0,155463.94
268000.0,261487.9
515000.0,533392.1
355000.0,323885.7
675000.0,806989.7
770000.0,482753.88
299900.0,306503.97
489000.0,410996.47
1300000.0,1528355.1
438750.0,449632.06
842500.0,769880.44
344900.0,399759.6
742500.0,655797.94
1205000.0,1253213.1
270000.0,277052.22
349950.0,345861.62
285000.0,291693.75
540400.0,507856.12
404500.0,451010.22
657000.0,650400.0
715000.0,726187.44
1799000.0,1474142.4
725000.0,705005.2
476000.0,452557.78
979000.0,1027208.4
771000.0,840838.94
430000.0,401456.3
1065000.0,947769.25
309950.0,274637.7
550000.0,869001.56
235000.0,384905.6
306500.0,245299.5
880000.0,924721.7
459950.0,375202.94
265000.0,251680.75
435000.0,444269.6
160000.0,201960.45
350000.0,350416.4
650000.0,708966.2
510000.0,505590.22
750000.0,665969.06
299000.0,419927.47
680000.0,538397.56
367500.0,299762.9
89950.0,140045.55
150000.0,226543.0
230000.0,261060.0
499431.0,515945.38
729500.0,613548.2
815000.0,792274.3
450000.0,527414.2
460000.0,519423.16
310000.0,294390.72
360000.0,380126.75
633100.0,655720.2
1115000.0,953052.06
115000.0,159195.84
396480.0,306755.8
359950.0,354183.38
637000.0,669615.44
201700.0,188710.25
732000.0,886372.75
512500.0,524455.75
1780000.0,1684298.5
226500.0,234909.97
297975.0,332487.38
1780000.0,1623773.2
569500.0,582133.8
975000.0,1081098.0
320000.0,396013.97
215000.0,264443.72
316475.0,289764.34
150000.0,195427.28
339275.0,360449.88
300000.0,282484.9
440000.0,357945.75
915000.0,943686.3
294000.0,307838.3
333500.0,329071.2
570000.0,608058.0
262500.0,234077.42
293000.0,309512.03
245000.0,303959.06
434500.0,410300.47
465000.0,440524.06
745000.0,748669.56
984000.0,1031372.1
780000.0,599604.7
240000.0,291926.25
452250.0,474931.88
1700000.0,1248150.6
305000.0,303459.75
279950.0,264020.88
416000.0,440563.7
495000.0,505143.66
812000.0,826899.2
240000.0,246208.81
357000.0,482942.25
215000.0,221149.27
537000.0,476870.8
280000.0,249460.61
339000.0,392104.7
265000.0,260931.06
187000.0,190362.55
775000.0,705232.5
810000.0,751418.9
490000.0,510899.8
425000.0,409593.44
600000.0,602921.44
250000.0,243901.34
617450.0,539123.5
290000.0,294807.47
255000.0,252626.67
450000.0,429172.97
215000.0,224291.36
255000.0,344401.9
770000.0,855777.8
780000.0,626503.4
540000.0,586901.0
315000.0,335566.78
825000.0,978822.4
336000.0,314551.78
478000.0,510468.4
245000.0,263122.53
370000.0,409293.2
547500.0,569626.0
625000.0,764800.5
724950.0,700007.94
337000.0,313267.1
639500.0,548451.8
205000.0,211680.27
374000.0,346973.8
570000.0,560491.06
697000.0,609010.3
597000.0,638093.1
1240420.0,1792747.6
675000.0,759127.94
553000.0,495518.38
305000.0,273110.38
460000.0,500023.2
425000.0,402568.38
5350000.0,4083332.5
320000.0,314348.94
700000.0,845433.9
440000.0,351877.8
519500.0,465476.03
245000.0,225714.12
309000.0,326746.78
705000.0,862099.8
455000.0,519936.84
2385000.0,2393825.8
210000.0,321033.1
305000.0,227460.61
410000.0,461644.5
296475.0,270073.97
415000.0,461785.47
395950.0,380910.97
339000.0,289644.3
175000.0,177098.52
495000.0,517130.28
514000.0,545769.56
332000.0,326269.12
345000.0,325208.38
400000.0,380335.3
440000.0,436177.8
308130.0,354251.25
380000.0,378358.62
529500.0,466542.2
353500.0,320115.22
585000.0,584777.3
249900.0,229383.02
260000.0,250957.69
388598.0,385754.06
577000.0,609627.1
265000.0,286697.6
1820000.0,1697961.6
185000.0,224544.55
292000.0,322407.6
705000.0,655260.94
256000.0,210653.52
280000.0,318663.94
250000.0,293412.75
900000.0,778837.25
532000.0,487548.97
485000.0,415767.25
620000.0,828327.7
585000.0,582224.2
450000.0,462546.12
1350000.0,968611.06
452000.0,320377.34
564800.0,535359.44
1100000.0,832191.6
545000.0,519173.22
660000.0,630504.7
1130000.0,953842.56
510000.0,469252.25
768000.0,875197.94
387500.0,388803.6
413000.0,448015.62
280000.0,457729.47
239950.0,269654.22
268950.0,240150.73
385000.0,338923.5
360000.0,469575.6
1025000.0,1206809.1
335000.0,320037.38
360000.0,334110.5
361000.0,339410.4
280000.0,302143.75
569950.0,744302.8
397500.0,400942.25
315000.0,327851.62
1989000.0,1614629.5
274950.0,216709.58
278800.0,308700.0
330000.0,395395.44
754800.0,719773.7
445000.0,485924.75
820000.0,803602.06
257000.0,270124.16
1000000.0,914512.6
315000.0,291046.34
627000.0,607342.44
281000.0,300151.75
840000.0,862955.25
248500.0,254064.4
380000.0,283314.0
410000.0,406458.72
387000.0,315445.94
690000.0,773304.0
572500.0,642274.06
184500.0,187221.6
246000.0,287947.2
496000.0,559007.7
290000.0,259072.28
185000.0,208456.36
252000.0,238268.19
540000.0,480180.7
235000.0,334961.62
1662000.0,1483192.2
724950.0,824437.25
670000.0,620028.3
372000.0,308806.75
495000.0,457610.88
611000.0,578800.7
952990.0,924246.0
269950.0,202378.8
329900.0,463215.1
250000.0,217393.39
475000.0,489768.72
390000.0,338716.22
334000.0,347596.1
527900.0,554715.5
210000.0,327594.56
392000.0,334866.97
263400.0,262167.6
209950.0,178222.17
653500.0,660860.6
255000.0,220613.81
565000.0,626398.9
635000.0,561183.06
376000.0,301028.72
703300.0,672582.4
229950.0,251508.55
247500.0,247742.36
342500.0,342647.12
245000.0,235966.05
250000.0,258787.17
416000.0,397593.94
579000.0,690550.9
840000.0,804787.9
275000.0,349834.78
325000.0,348063.62
290000.0,319528.03
453000.0,445259.66
725126.0,830857.56
386000.0,397342.44
630000.0,631113.5
560000.0,558443.9
400000.0,515687.3
135000.0,139970.27
810000.0,762530.94
352500.0,382426.22
262500.0,271077.62
295000.0,589956.3
245000.0,192462.64
664000.0,588136.94
851000.0,912671.8
555000.0,592322.44
284000.0,318030.38
638000.0,622955.5
605000.0,639126.44
675000.0,627224.25
387500.0,341368.97
257000.0,277218.16
200000.0,242525.08
299500.0,245045.58
750000.0,741969.8
795000.0,807450.75
348000.0,405345.12
405000.0,406889.2
265000.0,228986.06
622200.0,440014.9
520000.0,514878.12
437500.0,424668.97
340000.0,263480.8
550000.0,514239.28
459950.0,475839.12
460000.0,491403.38
1200000.0,1050393.8
1735000.0,1375643.4
438500.0,436609.3
229500.0,284351.8
369000.0,312481.25
559950.0,542934.4
575000.0,599289.5
390000.0,508719.97
385100.0,351551.62
1100000.0,1035148.75
583000.0,483802.47
740000.0,708443.06
465000.0,511860.16
560000.0,486101.4
370000.0,387377.1
495000.0,572789.56
575000.0,650447.9
255000.0,188390.05
275000.0,358363.97
570000.0,476333.97
268000.0,255303.27
712500.0,795985.0
219200.0,233489.53
279950.0,274998.97
617000.0,511415.7
1595000.0,1739964.1
570000.0,536380.25
630000.0,562051.25
599950.0,468694.78
835000.0,858889.9
499950.0,403973.2
263000.0,362371.38
245500.0,236282.47
280000.0,284584.56
268000.0,279591.94
519000.0,550023.56
1205000.0,1014722.0
565000.0,556817.1
238000.0,232744.06
325000.0,303135.3
360000.0,381689.53
438950.0,478301.75
552500.0,448896.4
328000.0,356970.2
415000.0,375848.03
609950.0,621574.7
440000.0,474088.2
550000.0,499694.3
1385000.0,1224327.5
515000.0,572291.1
440000.0,439495.12
363000.0,304255.22
980000.0,1063337.8
550000.0,505293.4
575000.0,506635.62
295000.0,222949.17
477590.0,467360.56
381500.0,431375.25
325000.0,365193.2
375000.0,475043.12
169950.0,172059.75
383000.0,409616.97
325000.0,314535.88
285900.0,236002.17
498800.0,446653.4
264950.0,220159.94
208800.0,257303.17
333000.0,469861.16
487275.0,529892.5
302500.0,299647.4
315000.0,283264.47
500000.0,490483.4
382495.0,345991.9
355000.0,353034.88
357000.0,428473.3
865000.0,897163.8
650000.0,679442.94
458450.0,427574.34
154000.0,220252.83
354000.0,373299.97
740500.0,908445.0
359000.0,328466.84
425000.0,359076.9
539000.0,464452.3
450000.0,500670.53
530000.0,446114.84
436000.0,490761.94
625000.0,600032.0
734990.0,702640.75
411715.0,436162.0
289500.0,279571.25
239950.0,222611.86
395000.0,398108.5
449500.0,387307.94
525000.0,549950.3
366000.0,331220.1
1157200.0,1236240.4
425500.0,406417.25
825000.0,787753.6
394000.0,383266.94
475000.0,327811.25
661500.0,579743.7
462500.0,355189.84
535000.0,639383.56
162500.0,230289.61
498000.0,537577.3
957500.0,973800.3
890000.0,958240.44
475000.0,596546.75
317000.0,302236.3
325000.0,310827.56
408500.0,384392.1
2000000.0,2255582.5
335000.0,365394.53
419900.0,454534.66
290000.0,317872.66
1333000.0,1494365.5
375000.0,368539.9
495000.0,529194.75
249950.0,220740.08
1635000.0,1776686.5
535000.0,585998.0
1490000.0,1932977.8
266000.0,270136.16
411500.0,337230.62
402000.0,348192.9
2537000.0,2084950.0
775000.0,695415.2
485000.0,504456.03
560000.0,512323.56
255000.0,289919.56
1080000.0,843882.56
623000.0,704254.5
462000.0,481498.75
339900.0,364027.62
655000.0,617220.3
450000.0,458981.34
689500.0,547467.06
284000.0,294146.56
120000.0,197931.64
292000.0,290897.75
387000.0,371114.34
427500.0,438982.22
210000.0,211845.55
595000.0,517322.6
280000.0,306264.2
160000.0,224910.06
505000.0,594671.06
327000.0,378756.25
1505000.0,1169685.2
845000.0,1006371.44
309000.0,251981.98
340000.0,306728.28
510000.0,504107.97
500000.0,516409.8
570000.0,582802.25
252500.0,211936.3
401500.0,435913.28
304000.0,314697.75
235000.0,240545.84
1998000.0,1374656.0
890000.0,826440.94
286000.0,364585.56
547000.0,391273.38
385000.0,480215.3
580000.0,628553.2
472000.0,405644.94
969000.0,930297.06
399500.0,387881.4
1010000.0,1029693.5
720000.0,663692.4
790000.0,819283.75
445000.0,474796.47
381000.0,376576.1
250000.0,267553.34
379500.0,407989.4
240000.0,322445.66
815000.0,654378.4
274000.0,280136.53
503000.0,520135.22
220000.0,304218.7
390000.0,521909.12
842500.0,727703.25
325000.0,369316.53
283000.0,345061.22
213500.0,218056.89
745000.0,644908.06
615000.0,590222.8
324950.0,285013.38
565000.0,547481.0
294500.0,294877.53
2880500.0,2137033.5
490000.0,473653.84
502775.0,480705.2
380000.0,353253.53
557000.0,546835.4
535000.0,503464.56
380000.0,317657.84
218000.0,219705.7
158000.0,300126.8
344950.0,394067.84
431000.0,520405.8
290000.0,309889.53
178000.0,201692.97
295000.0,281023.38
500000.0,544422.8
796000.0,910505.56
370000.0,355122.97
1679000.0,1801776.4
265000.0,412210.7
717000.0,511677.06
361000.0,306174.94
389500.0,374011.34
445000.0,401468.28
221000.0,191058.7
575000.0,520068.34
518000.0,459936.88
553000.0,479959.12
602000.0,641108.94
378500.0,477607.75
249000.0,298495.28
482000.0,464334.3
359000.0,355504.25
580000.0,642678.75
409950.0,453879.8
371000.0,271603.16
390000.0,357752.12
420000.0,412965.62
1285000.0,1412602.4
330000.0,334521.0
480000.0,480679.12
875000.0,668949.7
209900.0,210355.06
1250000.0,1050915.0
251000.0,239717.33
260000.0,267384.75
545000.0,394574.25
195000.0,230109.03
385000.0,430363.53
820000.0,625601.1
270000.0,319759.7
627000.0,492098.9
583800.0,636115.4
322500.0,319613.9
529950.0,497512.34
2135000.0,2376862.8
290000.0,313095.66
725000.0,876366.75
280000.0,373830.0
453000.0,424908.06
260000.0,285972.97
520500.0,400665.34
153000.0,298865.6
267000.0,278467.22
579100.0,527197.44
540000.0,458406.97
1015000.0,690885.2
349900.0,370982.66
571000.0,545979.06
379000.0,449021.5
815000.0,899889.7
415000.0,566445.06
538000.0,483811.38
1712750.0,1552372.2
525000.0,471516.8
463500.0,369070.06
245000.0,259299.86
250000.0,260261.03
505000.0,561985.4
405000.0,529026.1
306000.0,321695.47
240000.0,295336.3
557500.0,860157.56
352000.0,354737.3
390000.0,354846.34
207000.0,199251.33
779380.0,772259.3
465000.0,495437.06
839950.0,876247.2
412000.0,409702.06
250000.0,239870.06
750000.0,757316.06
460000.0,493576.47
305495.0,341781.38
415000.0,495596.7
246000.0,249260.98
371000.0,429549.62
237950.0,262994.88
978000.0,952266.4
277000.0,264955.7
1046250.0,1466050.9
856000.0,762850.6
360000.0,354514.22
440000.0,421966.8
850000.0,761167.4
565000.0,557948.25
390000.0,455106.3
1003000.0,1016122.94
695000.0,814769.6
405000.0,391057.1
1450000.0,1141625.6
525000.0,710918.2
562000.0,652991.5
451300.0,389702.44
465000.0,419008.03
1035480.0,1047813.6
389000.0,434974.62
449950.0,477346.78
392500.0,374694.78
615000.0,662756.8
287500.0,400105.7
235000.0,241261.53
262500.0,237355.9
395000.0,364716.56
499950.0,571364.44
352800.0,338711.6
400000.0,370125.75
810000.0,710317.3
1130000.0,1294129.6
215000.0,302422.25
1583000.0,1395707.8
593777.0,461672.06
467500.0,425872.88
350000.0,344874.72
925000.0,887081.25
248000.0,273993.66
561000.0,585380.75
815000.0,788551.06
720000.0,681371.5
350000.0,351944.84
275000.0,250434.3
780000.0,910497.7
560000.0,648234.0
500000.0,632543.06
625000.0,571987.2
235500.0,266933.56
288000.0,278345.1
525000.0,502505.38
271675.0,300762.78
196000.0,188891.9
299500.0,271696.16
515000.0,471826.2
1312000.0,1441038.2
488000.0,404334.38
320000.0,324408.44
697000.0,678136.3
450000.0,483790.62
200000.0,278795.22
1175000.0,1303989.6
961000.0,989450.3
860000.0,925539.25
430000.0,669765.25
275000.0,314009.34
358000.0,332436.3
335000.0,447303.88
785000.0,833127.3
810000.0,793476.4
359800.0,350852.38
350000.0,329732.38
1170000.0,992854.56
805000.0,786763.94
312000.0,318640.84
447000.0,396704.12
690000.0,648788.3
300000.0,286358.9
545000.0,618995.7
250000.0,224147.34
330000.0,301345.66
238000.0,246710.98
266000.0,278962.6
719521.0,525846.3
515000.0,515087.7
468000.0,475661.03
755000.0,872725.1
835000.0,837555.75
760000.0,918468.5
626100.0,616445.6
358000.0,313123.72
1650000.0,1601264.8
396500.0,493417.44
1085000.0,1249413.9
590000.0,479741.97
330000.0,316875.2
480000.0,649477.1
515000.0,458120.6
625000.0,674986.06
2500000.0,2157511.5
180000.0,221414.36
925000.0,900617.7
605000.0,609611.6
153000.0,219082.45
285000.0,354883.2
499000.0,564938.94
465000.0,377059.44
1440000.0,1581607.0
311000.0,304085.8
250000.0,205546.45
320000.0,317459.34
3000000.0,2414738.0
124740.0,209563.02
860000.0,845008.1
385000.0,330936.97
1475000.0,1699613.2
615000.0,561537.2
328000.0,313058.25
1308000.0,1122691.0
520000.0,617266.94
346000.0,354606.28
350000.0,423431.9
229000.0,187053.88
346500.0,370199.16
455000.0,478969.56
350000.0,348001.25
599000.0,685109.4
910000.0,1041508.9
710000.0,669170.2
455000.0,419500.5
571000.0,578345.94
280000.0,251603.02
525000.0,509878.7
550000.0,545689.1
254000.0,276262.5
425000.0,535470.4
386000.0,372843.75
610000.0,632681.6
475300.0,546809.4
330000.0,340208.5
571000.0,560049.25
302500.0,280187.3
280000.0,345934.66
680000.0,671277.5
415000.0,451219.94
384950.0,398829.47
579950.0,513262.56
570000.0,596815.0
840000.0,1106227.0
394950.0,383017.97
250000.0,348171.8
445000.0,553188.2
353000.0,308564.0
240000.0,255257.02
490000.0,386054.3
210000.0,207148.8
870000.0,1032763.3
580000.0,522058.84
722500.0,647634.06
713250.0,854295.94
496600.0,520009.66
500000.0,441936.5
635000.0,645195.44
1364000.0,1284246.0
185000.0,260286.2
375000.0,403945.4
625000.0,685214.3
399000.0,352041.88
210000.0,232123.72
230000.0,237035.19
202000.0,192037.5
1338750.0,1212072.4
1940000.0,1705923.8
385000.0,380985.34
379750.0,370276.66
477000.0,596913.06
418500.0,335350.44
625000.0,609545.06
405000.0,385735.06
366000.0,288029.44
1457000.0,1201839.9
1247000.0,943257.06
860000.0,878217.6
208950.0,204670.92
245000.0,264988.4
479500.0,376214.0
790000.0,790371.2
279000.0,276097.44
442500.0,434592.47
751000.0,567574.25
657000.0,589104.6
2260000.0,1631299.0
362000.0,386600.5
375000.0,335781.3
480000.0,520985.06
276500.0,469381.1
324747.0,363532.6
1127000.0,1137576.0
305000.0,329280.03
529000.0,529988.44
246000.0,287379.84
530000.0,497043.34
303000.0,300214.9
1999000.0,1852674.1
885000.0,968444.7
600000.0,659162.4
657500.0,712025.5
299000.0,320023.28
510000.0,613060.8
414000.0,478634.5
455600.0,486773.5
2920000.0,2511091.5
792500.0,731148.3
298000.0,291825.1
811500.0,828684.94
930000.0,725556.0
555750.0,252836.3
210000.0,219961.03
228950.0,205691.97
310000.0,231745.58
313000.0,286468.47
330000.0,380100.84
489950.0,484702.1
685000.0,865593.6
464000.0,467618.75
485000.0,520466.5
575000.0,556883.3
337000.0,310769.2
599950.0,593009.1
298700.0,289553.56
329950.0,303133.06
280000.0,276269.25
450000.0,498046.62
645000.0,729157.7
585000.0,684255.9
367400.0,408375.34
856000.0,799617.5
303000.0,311599.47
795000.0,769200.6
525000.0,553588.2
368000.0,389658.22
298500.0,268573.62
866059.0,845647.5
159075.0,210268.45
298500.0,307865.53
800000.0,741269.94
551100.0,449025.8
295000.0,249426.94
340000.0,445652.22
682000.0,755463.7
434000.0,443831.97
500000.0,535825.5
525000.0,502154.5
560000.0,528569.2
436000.0,406624.88
236000.0,217644.95
355000.0,370075.22
898000.0,888004.44
861111.0,890621.44
150000.0,192000.56
380000.0,348955.8
224000.0,238206.83
320000.0,281165.9
950000.0,921652.94
474500.0,426498.7
595000.0,642028.7
415000.0,393426.22
870515.0,876759.25
510000.0,572804.5
915000.0,818847.5
420000.0,435913.28
637250.0,636980.6
250000.0,293111.22
197000.0,239880.78
315000.0,338072.6
179950.0,186469.42
570000.0,559937.4
1055000.0,966511.0
177000.0,233697.52
335620.0,338129.2
507950.0,541213.8
1275000.0,1547735.8
410000.0,451445.53
920000.0,792105.56
590000.0,553547.75
498500.0,431827.56
445000.0,555673.9
425000.0,430473.0
715000.0,650031.0
576925.0,532327.1
1600000.0,1398595.1
1010000.0,734995.25
495000.0,326517.3
733000.0,698280.9
199000.0,206545.86
299000.0,309246.84
517000.0,635141.0
975000.0,1366422.5
280000.0,254295.38
870000.0,969733.75
625000.0,551842.6
755000.0,713227.2
871000.0,676061.25
475000.0,496447.1
450000.0,422290.53
2900000.0,2039474.4
632000.0,578310.75
518000.0,628267.06
295450.0,353085.12
320000.0,417897.06
825000.0,835003.1
239950.0,238402.56
346000.0,350183.12
491000.0,421829.3
315000.0,313736.78
180000.0,304800.88
476000.0,450389.0
639000.0,591328.94
594950.0,615219.6
545000.0,531935.4
729000.0,865847.6
295000.0,270586.7
762500.0,766759.94
322500.0,293129.47
639950.0,571283.25
315000.0,301489.53
525000.0,549389.06
350000.0,345405.97
231000.0,253391.08
354000.0,344910.16
508000.0,588920.9
295000.0,302961.53
279000.0,399004.38
775000.0,710870.6
280000.0,242608.9
385000.0,285613.38
720000.0,642102.8
343000.0,433270.72
465000.0,490758.5
666000.0,661852.25
260000.0,301012.34
675000.0,603151.25
537000.0,608459.44
525000.0,539838.75
1500000.0,1558329.0
187250.0,222155.72
285950.0,292211.47
618000.0,558720.2
245000.0,246061.9
924000.0,857798.8
780000.0,761849.8
300000.0,401585.06
307000.0,282770.28
422500.0,311222.62
434975.0,373445.1
485000.0,492683.12
425000.0,372195.75
306000.0,345467.22
299000.0,361470.66
672500.0,780250.6
967500.0,909808.94
553650.0,534223.1
480000.0,401130.2
1088000.0,1176339.8
985000.0,846224.1
305000.0,301821.3
600000.0,606026.25
395000.0,445325.03
515000.0,557183.4
292500.0,275448.94
339950.0,373048.88
1000000.0,876889.56
445000.0,457009.38
1800000.0,1239778.5
507500.0,466532.84
257500.0,218656.25
258000.0,235100.11
300000.0,349695.03
579000.0,476396.62
491150.0,453223.38
275000.0,403474.62
312000.0,299025.16
310000.0,224282.55
284000.0,303858.6
512000.0,542414.2
292500.0,308314.62
518380.0,467384.53
1017100.0,1003465.7
170000.0,268265.88
351358.0,385947.94
800000.0,1001400.6
475000.0,474955.94
647500.0,504423.8
654500.0,681986.94
301000.0,339179.84
280000.0,284888.75
315000.0,269488.8
475000.0,426143.34
640000.0,640201.0
386500.0,376686.47
413000.0,400788.9
1208000.0,1588053.6
605000.0,581007.06
438600.0,401251.2
499000.0,394333.97
450000.0,406464.6
1940000.0,1730030.4
545000.0,565217.7
294000.0,288508.75
345000.0,327582.22
505000.0,481218.16
370000.0,378875.2
765000.0,824432.4
403000.0,377159.47
903000.0,975410.9
568000.0,579841.56
255000.0,261201.97
435000.0,449299.8
491000.0,454657.78
190000.0,307922.53
255000.0,339937.34
472000.0,490726.56
700000.0,629828.5
390000.0,415855.8
350000.0,396719.16
1215000.0,1149221.5
700000.0,498798.66
420000.0,575574.25
535000.0,487459.75
205000.0,285971.16
362764.0,436184.4
350000.0,376990.84
1200000.0,1026705.75
560000.0,467671.97
475000.0,385727.66
260000.0,296775.47
269900.0,275611.88
385000.0,369266.25
670000.0,620743.2
960000.0,956329.94
575000.0,441645.62
268500.0,252367.12
620000.0,642944.56
685000.0,657281.0
315000.0,310139.12
467500.0,483315.72
2250000.0,1963265.9
889950.0,884444.5
392500.0,477342.28
353000.0,296116.38
630000.0,639894.6
565000.0,649449.1
470000.0,441030.16
1130000.0,978093.9
280000.0,368960.53
239000.0,214085.3
300000.0,291532.72
496800.0,416817.66
1398000.0,1110071.8
753000.0,665600.6
407000.0,341861.84
429000.0,261255.6
585888.0,491914.78
3204000.0,3029786.2
465000.0,471098.3
402500.0,366115.66
279900.0,293723.62
325000.0,312839.62
355000.0,296297.47
645000.0,680687.7
497000.0,427330.62
280000.0,266016.8
719000.0,646676.06
1399000.0,1226589.0
641000.0,537012.3
500000.0,469656.03
1680000.0,1892196.9
455000.0,432928.22
377000.0,402908.6
397950.0,429152.03
287000.0,345725.6
265000.0,232022.98
290000.0,275939.94
1020000.0,1328176.8
460000.0,472701.25
592100.0,623399.3
552000.0,436792.06
185000.0,192103.7
921000.0,858556.75
464000.0,302919.7
440000.0,492274.5
1031000.0,775279.5
411000.0,531705.4
925000.0,860734.1
480000.0,632922.9
275000.0,357482.3
390000.0,374770.66
1500000.0,1574047.2
604000.0,497884.16
380000.0,338268.38
380000.0,263199.1
499000.0,500133.06
825000.0,929186.9
371000.0,364006.56
248000.0,217426.28
470000.0,455650.53
1928000.0,2067348.1
850000.0,862195.0
305000.0,330240.72
300000.0,302972.22
325000.0,284390.28
279000.0,223522.88
264500.0,247147.16
495000.0,454826.2
959000.0,1083521.8
500000.0,445192.4
263000.0,212271.94
280000.0,298823.7
354000.0,307649.03
760000.0,733791.0
380000.0,346358.78
470000.0,454014.03
300000.0,275955.9
710500.0,752502.0
861990.0,896049.2
560000.0,506126.25
315000.0,393870.28
242000.0,286919.38
425000.0,462768.5
429950.0,436256.88
439800.0,435847.22
530000.0,575292.1
499000.0,493966.66
320000.0,342830.62
604000.0,638209.0
247500.0,470890.16
336000.0,318251.1
325000.0,327431.38
262500.0,307764.12
1295000.0,1192870.8
419354.0,411327.6
279950.0,280491.44
292000.0,352864.03
705000.0,562115.25
1060000.0,1233925.1
319900.0,299195.8
278500.0,239132.22
1140000.0,1166172.2
210490.0,181767.06
436952.0,417247.56
631000.0,408743.06
1735000.0,1931215.5
259500.0,260845.39
1309500.0,1671265.1
1150000.0,964201.7
717000.0,664366.9
395000.0,384274.72
216000.0,254664.67
304700.0,317877.53
305000.0,313225.97
309950.0,329571.44
530000.0,686042.94
638000.0,634682.2
260000.0,267945.03
1000000.0,1193388.9
275000.0,255950.22
405000.0,440387.2
274950.0,251916.75
426000.0,403506.56
397000.0,325317.0
340000.0,339426.3
695000.0,653968.2
340500.0,297823.28
455000.0,445582.2
669000.0,657380.4
537000.0,583955.0
760000.0,689535.8
675000.0,521031.8
354900.0,307748.88
500000.0,489229.66
543000.0,529833.0
325000.0,260019.9
1050000.0,1875444.5
280000.0,364674.94
1075000.0,825298.1
262000.0,351322.1
300000.0,330345.28
165000.0,276010.28
435000.0,483191.1
1620000.0,1404691.9
373500.0,375560.16
471000.0,476738.4
475000.0,449195.4
155000.0,249319.42
310000.0,330581.2
268500.0,254220.4
250000.0,226460.64
219000.0,210039.02
1400000.0,1536247.5
606000.0,648153.3
375000.0,433588.16
160000.0,220113.22
343000.0,363977.94
448175.0,455054.53
495000.0,581190.0
310000.0,298619.3
246500.0,236693.23
675000.0,717704.6
393000.0,360475.03
585000.0,502720.78
453250.0,418196.75
715000.0,588012.4
820000.0,788142.2
477500.0,641458.9
620000.0,674557.0
425000.0,466735.06
345000.0,370340.3
639983.0,524020.12
589410.0,607613.9
830005.0,1242376.2
307000.0,347640.97
715000.0,743441.56
397500.0,473606.72
245000.0,249010.0
455000.0,425774.78
310000.0,343068.06
570000.0,412862.8
322000.0,357997.56
211000.0,293326.88
1220000.0,1111686.9
430000.0,447021.7
1135000.0,1349755.9
795000.0,822691.44
545000.0,531275.3
290000.0,242456.05
251000.0,277932.7
159100.0,180434.36
146300.0,209255.66
633000.0,740532.9
875000.0,815057.25
182500.0,182556.47
380000.0,397522.0
2630000.0,2717485.2
419950.0,403492.84
300000.0,286740.6
655000.0,545945.4
250800.0,266016.06
479200.0,520853.7
1400000.0,1281924.0
312000.0,257572.75
380000.0,428957.2
695000.0,747953.5
280000.0,291903.78
832600.0,682765.8
390000.0,548590.6
430000.0,353531.22
280000.0,301155.38
495000.0,503931.94
470000.0,516247.28
1050000.0,1267079.5
455000.0,304643.25
500000.0,730107.3
285000.0,407982.3
338500.0,388217.47
398651.0,471008.88
503000.0,518519.4
747500.0,683809.44
730000.0,693272.9
3650000.0,3114341.0
390000.0,338861.28
245000.0,257354.69
402000.0,354503.6
226740.0,230800.97
311000.0,369736.6
620000.0,689117.06
653750.0,728929.8
460000.0,428172.38
205000.0,207897.02
490000.0,471551.4
275000.0,263632.2
366000.0,355374.12
630000.0,747619.44
555000.0,540648.3
705000.0,692955.5
795000.0,879885.9
775000.0,912972.9
635000.0,538499.75
325000.0,268324.47
874950.0,445480.97
555000.0,607025.2
599000.0,445253.66
450000.0,463305.5
505000.0,472048.47
425000.0,463352.66
1160000.0,1218201.0
865000.0,712564.56
891500.0,787442.06
349950.0,395336.12
334950.0,325383.38
339900.0,336376.94
330675.0,352285.25
290000.0,337571.94
435000.0,528157.2
730000.0,851909.7
385000.0,420417.03
1500000.0,1315154.4
350000.0,356982.0
820000.0,849906.4
333000.0,362418.62
307000.0,279803.47
988000.0,1098682.5
424000.0,490819.53
2200000.0,3501586.0
1115500.0,682241.8
368000.0,359260.0
713500.0,746691.8
595000.0,586669.5
475000.0,389501.0
440000.0,259877.1
270000.0,292283.03
375000.0,434627.47
845000.0,1146149.1
278500.0,265640.62
450000.0,350841.53
830000.0,824373.06
230000.0,210294.92
160000.0,196833.19
364500.0,404425.7
615000.0,484076.53
772000.0,924064.6
415000.0,528641.2
210000.0,240410.44
285650.0,316175.06
850000.0,746993.5
495000.0,571067.2
305000.0,333902.03
827235.0,714764.5
249000.0,333033.22
269950.0,270851.8
610000.0,495071.88
350000.0,358433.2
330000.0,348113.66
365000.0,346759.78
541500.0,438331.8
362000.0,402678.75
530000.0,567925.2
350000.0,328220.6
379000.0,372587.6
267300.0,322090.1
595000.0,569684.8
377000.0,365526.94
508000.0,583833.7
670000.0,709051.06
850000.0,798772.44
467000.0,454887.97
264950.0,293013.94
350000.0,545183.5
489950.0,524465.2
415000.0,449656.66
1450000.0,1265936.5
314000.0,314046.1
580000.0,641806.4
400000.0,442816.38
220000.0,227162.8
420000.0,534352.0
642860.0,629389.3
518000.0,650439.1
203000.0,187125.86
1135000.0,920507.5
360000.0,342140.44
1187500.0,1361570.6
494995.0,493128.84
594000.0,589083.1
157000.0,159195.84
255000.0,268153.28
660000.0,582369.4
551000.0,483668.22
450000.0,416962.56
915000.0,929978.56
1320000.0,1034526.44
430000.0,450533.38
765000.0,600341.0
469000.0,470095.7
346500.0,316450.62
265000.0,277763.5
311500.0,313975.5
237500.0,207977.98
455000.0,460278.47
616300.0,613645.3
713000.0,427601.3
410000.0,359738.9
577000.0,555290.0
310000.0,311563.7
170000.0,189371.23
192500.0,321787.34
450000.0,490700.1
650000.0,705226.3
599950.0,640613.06
298900.0,277285.6
325000.0,330372.2
590000.0,721430.75
869950.0,839542.8
383150.0,315707.53
239000.0,263839.44
373500.0,474212.66
640000.0,796368.8
249000.0,271376.7
563250.0,559795.3
655000.0,593144.7
366000.0,323316.88
267000.0,364447.34
305000.0,338685.75
705000.0,691220.25
321027.0,367492.06
380000.0,369716.56
257500.0,249590.11
263000.0,260558.02
775000.0,743241.1
339950.0,325362.62
340000.0,326163.53
449950.0,473495.6
249900.0,236803.72
330000.0,341113.44
229000.0,259151.52
438000.0,423091.84
579000.0,549099.3
659950.0,891535.6
315000.0,389661.53
1600000.0,2003167.1
325000.0,298631.62
550500.0,495428.16
435000.0,463350.5
410000.0,531366.3
355000.0,326055.9
528000.0,512461.7
580000.0,579225.75
342000.0,314192.84
677000.0,624336.9
588000.0,530520.0
294950.0,299596.72
564000.0,517496.72
625000.0,655635.5
490000.0,517530.03
319000.0,350359.34
1450000.0,1176718.5
510000.0,550564.8
460000.0,448508.53
752000.0,803055.75
258000.0,273673.28
360000.0,338828.66
875000.0,869403.25
286651.0,265394.53
240000.0,357111.8
740000.0,740665.4
410000.0,396615.44
360000.0,345346.53
451000.0,361277.7
412950.0,400393.62
608000.0,543911.25
532500.0,615748.5
225500.0,285834.62
277950.0,266889.3
590000.0,766195.0
475000.0,553725.0
438000.0,419826.34
220000.0,261970.16
752875.0,694666.25
560000.0,486438.66
427500.0,335329.8
255000.0,260785.88
782900.0,827911.25
775000.0,572235.44
490000.0,413188.47
550000.0,517331.38
475000.0,445407.38
260000.0,205647.0
550000.0,587678.25
223000.0,273580.34
1237500.0,1349671.9
294900.0,318698.6
273500.0,305364.1
505000.0,436429.12
1200000.0,1141061.8
340000.0,336193.0
399500.0,376846.78
1695000.0,1535419.6
850000.0,777410.0
430100.0,365422.75
142500.0,241775.47
372500.0,338323.75
334950.0,412308.47
360000.0,371214.94
390000.0,436028.84
735000.0,718179.94
1195000.0,887805.2
347500.0,353272.5
988000.0,922981.06
403000.0,347436.1
550000.0,583022.9
389000.0,392766.47
680000.0,755584.8
599900.0,530112.06
374000.0,367915.78
240000.0,206688.2
243500.0,264106.66
733500.0,625748.7
696000.0,673685.0
271950.0,426419.88
413800.0,457813.16
405000.0,403924.2
499950.0,463472.72
309000.0,218442.72
659000.0,690136.8
485000.0,390673.34
385000.0,279997.84
473600.0,426461.56
470000.0,592961.4
522500.0,397024.16
325000.0,289990.53
258500.0,269869.53
390000.0,324711.6
861000.0,756057.56
168000.0,217909.67
781500.0,830013.6
420000.0,607811.25
199500.0,217921.52
395000.0,444689.4
900000.0,918001.2
235750.0,194768.72
1168000.0,892451.4
407000.0,421590.34
519900.0,540683.4
308000.0,248033.38
925000.0,1552683.4
710000.0,794927.06
672800.0,695841.7
350000.0,541772.1
385000.0,404991.62
334888.0,334761.7
840000.0,755808.94
620000.0,617568.4
616000.0,628657.06
360000.0,359520.97
176250.0,215807.95
320000.0,328249.16
365000.0,373301.03
342000.0,330312.16
663000.0,737797.4
650000.0,568578.1
637000.0,592012.4
900000.0,753236.06
365000.0,373751.8
280000.0,266463.2
475999.0,603463.3
495000.0,429820.25
2125000.0,1531621.6
590000.0,616923.06
366000.0,385643.1
620000.0,463590.16
435000.0,546858.0
285000.0,230243.28
219950.0,203966.19
900000.0,911220.9
464600.0,445414.9
603500.0,523257.84
335000.0,382288.44
850000.0,653405.2
628000.0,465223.38
550000.0,528425.0
345000.0,320141.44
475000.0,486608.16
235000.0,241049.97
4000000.0,3657782.5
460000.0,368733.5
629950.0,666866.4
234000.0,251386.72
693000.0,655465.5
244500.0,243119.36
521000.0,486772.0
215000.0,219808.61
495000.0,510342.88
489950.0,513684.3
331000.0,324080.03
245000.0,258951.25
420000.0,438603.47
515000.0,528418.0
1691000.0,1974194.6
725000.0,743247.5
430000.0,430783.28
520000.0,612543.8
512500.0,489045.62
625000.0,621709.75
700000.0,646198.5
545000.0,547452.6
345000.0,402842.06
445000.0,433047.97
485000.0,633817.25
378000.0,361858.28
415000.0,389968.44
83000.0,198639.94
825500.0,766691.5
530000.0,483860.44
505000.0,409900.6
535000.0,564397.5
685000.0,714311.4
435000.0,582820.56
610000.0,592413.4
721000.0,715702.6
1250000.0,1306291.0
480000.0,502499.84
1085000.0,1102698.5
825000.0,715020.9
348000.0,391336.5
425000.0,414178.88
530000.0,493431.6
189000.0,190431.34
399950.0,400562.16
645000.0,701012.3
500000.0,424128.84
900000.0,617337.7
455000.0,382242.66
575000.0,553079.44
140000.0,233512.47
574000.0,479522.7
260000.0,261864.27
548800.0,488965.25
399500.0,408963.16
665000.0,640672.9
963990.0,961205.5
358500.0,370136.03
620000.0,407719.1
790000.0,745976.25
200000.0,235756.19
550000.0,570145.7
654950.0,634131.44
810000.0,914068.06
354000.0,370892.6
1100000.0,1253558.9
705000.0,664677.3
445838.0,508801.84
354000.0,307503.5
290000.0,268634.75
270000.0,267724.8
365000.0,435962.84
1062500.0,1352449.4
435000.0,425621.9
193000.0,193168.55
510000.0,571777.56
423000.0,451552.5
1400000.0,1470920.2
420000.0,524399.6
600000.0,612042.0
430000.0,513287.28
449228.0,681235.4
420000.0,269562.5
1800000.0,1628650.9
460000.0,437188.8
622000.0,526947.56
503045.0,613185.56
315000.0,273469.66
195000.0,184070.08
650000.0,642561.4
799000.0,853593.25
900000.0,999780.44
678000.0,706349.7
749000.0,740113.4
545000.0,478937.38
711000.0,650589.8
510000.0,537758.4
1500000.0,951233.6
1010000.0,801304.1
635000.0,628520.7
267500.0,241969.86
280000.0,229240.64
450000.0,463750.7
513000.0,446894.47
1100000.0,1368528.4
450000.0,533730.75
769900.0,746131.3
1450000.0,1479123.9
740000.0,795915.44
790000.0,738127.6
756000.0,723139.8
252350.0,282843.84
3800000.0,2497825.5
870000.0,939853.3
380000.0,349891.03
282000.0,318880.06
980000.0,1343241.8
245000.0,257774.2
523500.0,482402.9
340000.0,291883.12
673200.0,768053.94
699999.0,531508.94
913000.0,875793.06
320000.0,335042.66
549900.0,487918.7
393820.0,491499.2
1250000.0,1329195.4
383000.0,361274.84
407193.0,414076.72
675000.0,660393.8
210000.0,297736.2
468000.0,402629.22
719000.0,775708.8
625000.0,689322.4
329950.0,341981.56
957000.0,1122511.5
314950.0,298881.0
285000.0,321443.5
526000.0,549892.25
645000.0,622357.06
665000.0,552977.44
440000.0,431224.88
257500.0,249974.88
495000.0,547922.9
930000.0,1067524.8
500000.0,578381.44
680000.0,672727.5
465000.0,456836.84
150000.0,193808.05
1075000.0,840248.7
475000.0,493103.6
625000.0,552513.56
1229000.0,1019710.44
272000.0,263924.03
330000.0,492649.5
205500.0,225399.8
346950.0,348857.28
455000.0,465467.8
1190000.0,1153289.6
438800.0,471348.9
864000.0,804287.94
400000.0,396592.66
360000.0,411644.47
770000.0,678413.94
463000.0,424065.6
500000.0,523062.0
290000.0,392514.7
875000.0,813501.75
460000.0,492877.94
299800.0,244990.9
835000.0,767545.2
737000.0,753095.44
225500.0,186032.7
479000.0,420429.2
850000.0,863524.0
524000.0,397231.1
450000.0,470775.94
499000.0,450287.94
363000.0,326040.16
415000.0,425764.03
630000.0,522338.5
883000.0,881761.1
358000.0,310012.56
220000.0,244556.39
612995.0,559648.75
625000.0,633629.3
2888000.0,4966170.0
710000.0,714525.4
425000.0,495098.9
575000.0,576477.5
228950.0,256272.23
345000.0,415072.12
690000.0,622031.75
400000.0,389611.25
349000.0,334093.84
999000.0,1012735.25
400000.0,405499.12
443000.0,533541.44
775000.0,992664.8
475000.0,394369.1
664000.0,369984.88
515000.0,483726.6
745000.0,648371.8
453000.0,448087.56
750000.0,839574.94
445800.0,477890.28
680000.0,646847.1
410988.0,322007.56
294000.0,319352.78
871000.0,796683.56
459990.0,512752.06
550000.0,568390.8
432000.0,487430.5
315000.0,251418.73
350000.0,327226.7
615000.0,521610.8
429000.0,392021.9
456200.0,377028.88
575000.0,599693.75
755000.0,674424.3
828950.0,940690.7
229000.0,309978.53
216650.0,307993.2
420000.0,544374.25
435000.0,387381.03
206000.0,211067.52
278750.0,299544.84
625000.0,593535.75
460000.0,544637.5
575000.0,620553.44
606150.0,522847.84
530000.0,530212.2
300000.0,296996.1
293467.0,366043.84
227000.0,291994.25
558000.0,619609.25
311100.0,346488.56
650000.0,666057.1
540000.0,504870.56
515000.0,467002.75
495000.0,477053.56
2680000.0,2169911.5
458000.0,315216.28
749500.0,706491.3
698000.0,563124.9
481203.0,503931.94
2193000.0,1737211.4
225000.0,284127.4
427000.0,430450.47
365000.0,359723.25
325900.0,297031.2
599950.0,549347.8
532500.0,466498.12
289000.0,338223.22
430000.0,462977.25
665000.0,757616.94
502000.0,590948.06
290000.0,282974.66
490000.0,395182.97
1205000.0,1045696.5
749000.0,565791.2
272000.0,282551.16
255000.0,293132.66
845000.0,839101.8
452000.0,443073.44
1550000.0,1028974.7
326500.0,382713.34
239950.0,211311.81
312000.0,318506.34
830000.0,627988.94
388500.0,389422.6
263000.0,306067.53
495000.0,485023.47
365000.0,384488.62
405000.0,413700.3
589999.0,570377.3
725000.0,835647.44
491500.0,450384.47
250000.0,285507.7
225000.0,181500.89
550000.0,552639.8
598800.0,296087.44
295000.0,362754.3
255500.0,208482.27
431500.0,433594.1
326000.0,481953.3
550000.0,717420.94
715000.0,580632.25
765000.0,603929.25
230000.0,253780.36
585000.0,549839.1
345000.0,400360.38
293000.0,339716.94
196500.0,225420.06
600000.0,614426.9
550000.0,726082.06
925000.0,756638.2
815000.0,979211.75
275000.0,256895.44
259000.0,421999.0
364250.0,542273.1
304000.0,290175.94
520000.0,442953.66
661000.0,728021.0
280500.0,280850.44
399950.0,441653.8
416286.0,469846.12
798500.0,830759.94
449950.0,470568.44
275000.0,272276.66
717000.0,719141.44
264950.0,226848.84
500000.0,348614.38
725000.0,661961.9
561000.0,508257.9
535950.0,578671.3
600000.0,969131.6
3278000.0,2990300.0
505000.0,553667.56
611000.0,575686.2
645000.0,642748.2
1395000.0,1232729.9
240000.0,240057.94
665000.0,719296.25
330000.0,258601.4
165000.0,189490.3
287200.0,288939.1
515000.0,540613.3
516130.0,508984.06
302300.0,301048.94
345000.0,381974.88
329950.0,313782.6
339950.0,408213.47
700000.0,741772.56
475000.0,489250.75
320000.0,262791.0
379900.0,348589.62
650000.0,726286.56
458000.0,650403.4
237950.0,209597.84
342000.0,325041.56
550000.0,482018.06
360000.0,320710.22
222000.0,203561.0
870000.0,1228954.4
367000.0,261144.08
564950.0,579286.9
445000.0,484064.4
419500.0,376051.2
965000.0,926289.3
250000.0,284946.56
300000.0,390566.25
270000.0,264789.5
187000.0,199128.88
700000.0,656406.8
364900.0,422224.53
137124.0,233261.17
696000.0,546493.7
499950.0,420122.28
449000.0,413776.3
600000.0,504134.44
335000.0,293631.16
799500.0,938369.3
510000.0,547869.8
172500.0,190260.66
490000.0,472358.7
215000.0,212238.45
563500.0,696815.8
1149000.0,1281022.0
629000.0,599721.9
750000.0,716409.3
165000.0,239948.92
850000.0,900315.3
539000.0,675714.0
570000.0,610079.5
362500.0,388214.16
330000.0,337913.3
165000.0,206315.81
1289000.0,987299.94
525000.0,540082.56
429000.0,478685.03
469000.0,448682.7
1112500.0,1094892.1
575000.0,567953.5
516250.0,446632.94
379000.0,412359.38
426000.0,412898.53
324800.0,281522.47
315500.0,355130.9
518000.0,410951.0
655000.0,562460.1
570000.0,472494.12
240000.0,262715.16
606000.0,635077.9
780000.0,682855.3
280000.0,299099.38
905000.0,873124.6
1010000.0,1047174.1
398750.0,492624.12
266000.0,264347.88
310000.0,350362.0
725000.0,760180.25
175000.0,216653.73
257500.0,251126.55
363000.0,356594.97
788000.0,723341.2
760000.0,645023.0
446000.0,390456.5
745000.0,824770.6
400000.0,386753.3
570000.0,637574.06
942000.0,847282.2
371500.0,364837.03
665000.0,539272.06
636100.0,597448.25
925000.0,807608.8
352750.0,340237.03
335000.0,372464.7
790000.0,796636.44
1063000.0,1153675.2
315000.0,295208.9
759990.0,673196.9
400000.0,419537.25
671500.0,599141.7
760000.0,748865.7
261000.0,209605.69
365000.0,365281.72
445000.0,430034.7
294000.0,455696.38
282000.0,286551.78
734500.0,825208.4
340000.0,307974.44
690500.0,660598.4
259900.0,254194.05
590000.0,666909.9
210000.0,216270.05
452000.0,453297.25
704000.0,691490.44
650000.0,697526.25
560000.0,621399.44
225000.0,200978.67
356000.0,363624.6
355000.0,307141.22
814000.0,801032.94
939000.0,958115.5
546200.0,551021.0
261950.0,294370.28
799000.0,809716.5
284000.0,275358.62
437000.0,398853.4
739000.0,862771.25
400000.0,529602.8
543115.0,595434.75
599000.0,741684.9
300000.0,454301.1
356000.0,336171.75
652500.0,436995.78
250000.0,249905.64
1200000.0,1044444.7
175000.0,203565.0
950000.0,1033661.7
424950.0,450587.44
669950.0,611695.0
460000.0,415588.5
285000.0,300943.47
446000.0,355316.97
299500.0,340177.8
542000.0,461451.78
335000.0,358434.5
498000.0,480756.84
400000.0,320444.5
664950.0,675051.1
249900.0,291818.3
810000.0,822372.5
715000.0,693928.9
398000.0,396101.2
475000.0,529290.56
395000.0,424874.9
595000.0,600668.94
764000.0,695339.75
565000.0,507847.72
810000.0,854852.3
300000.0,307578.25
390000.0,388729.3
1410000.0,1128414.1
3300000.0,3515230.8
400000.0,452412.3
547000.0,500924.97
475000.0,462220.22
284850.0,272589.56
272000.0,261314.95
331292.0,324708.7
430000.0,403066.2
660000.0,570718.1
631750.0,615249.0
412250.0,380555.44
660000.0,806062.75
300000.0,279026.12
550000.0,642134.8
1839900.0,1466566.8
220000.0,215454.67
3850000.0,3579500.2
700000.0,712435.44
385000.0,441195.34
570000.0,610742.3
480000.0,522665.0
512500.0,538599.9
465000.0,447294.44
775000.0,705881.94
370000.0,332872.53
405000.0,335831.6
325000.0,499295.94
699950.0,668262.3
400000.0,435131.3
685000.0,504923.9
860000.0,923451.75
457500.0,453063.6
470000.0,477173.6
450800.0,491913.0
385000.0,426479.1
250000.0,277844.34
306500.0,357140.3
331000.0,395363.0
648000.0,666139.56
210000.0,305685.75
560000.0,593223.75
367950.0,421440.9
546000.0,514217.5
598200.0,573411.1
839000.0,868786.4
568450.0,508199.53
875000.0,772433.7
434000.0,406947.75
2250000.0,2085838.4
405000.0,359300.4
462000.0,512526.56
425000.0,401113.0
1250000.0,1230020.6
267000.0,238460.25
755000.0,725899.25
670000.0,689947.56
800000.0,712000.44
1740000.0,1735073.4
1100000.0,747981.06
587000.0,612731.56
2095000.0,2258901.0
515000.0,466815.25
208000.0,205160.62
520000.0,478302.7
297000.0,288230.97
257500.0,275524.7
747450.0,559337.6
388000.0,417607.7
763000.0,740124.3
259000.0,252704.81
530000.0,577997.0
415000.0,405378.8
290700.0,285787.4
257000.0,293696.5
495000.0,486573.53
373000.0,464724.8
650000.0,707366.56
419000.0,423966.6
230000.0,204654.92
393000.0,350659.4
345000.0,311327.25
260000.0,387535.12
605000.0,612666.75
249000.0,320618.1
949990.0,1016320.3
453000.0,507452.84
206000.0,187090.97
314000.0,389548.66
429000.0,357841.6
280000.0,237563.08
685000.0,762955.1
425000.0,367475.12
457000.0,464836.6
349500.0,396450.16
427000.0,404870.84
265000.0,280540.2
196000.0,207361.0
825000.0,730635.5
275000.0,259538.64
195000.0,203213.28
815000.0,775984.0
690000.0,765165.44
1065000.0,1031103.4
281000.0,256810.23
375000.0,452176.03
253000.0,259429.33
465000.0,396402.06
540000.0,564754.56
430000.0,499645.94
395000.0,452541.44
545000.0,491351.75
585000.0,455539.88
1290000.0,1624379.2
492450.0,475765.0
376500.0,434297.03
199900.0,220552.66
375900.0,353718.25
615000.0,575032.7
417400.0,458427.72
334999.0,363909.2
415000.0,404298.2
1150000.0,1014049.3
315000.0,307968.72
720000.0,726509.06
620000.0,553855.06
589000.0,626383.06
279475.0,275399.16
399950.0,416798.2
750000.0,698237.94
2538000.0,2206956.2
1003000.0,1051443.6
700000.0,667089.8
360500.0,430551.56
236775.0,260310.81
600000.0,572979.06
1100000.0,1260687.9
533050.0,249592.38
516000.0,753364.06
390000.0,432099.66
350000.0,344862.38
620000.0,624410.3
750000.0,606623.8
645000.0,585629.94
299900.0,323438.75
1959000.0,2208206.0
495000.0,567430.56
447000.0,426649.7
620000.0,576086.5
215000.0,200755.58
912000.0,1047327.5
430000.0,526090.3
417000.0,431280.12
779000.0,878999.8
257500.0,362702.78
440000.0,450817.62
505000.0,517666.56
542500.0,498805.1
276000.0,263673.53
725000.0,603621.06
881000.0,863229.25
385000.0,433661.84
768000.0,755186.75
595000.0,663210.44
179500.0,172111.83
234950.0,219979.1
785000.0,824601.44
396500.0,392070.8
591000.0,544202.3
535000.0,524236.97
1100000.0,1044687.2
835000.0,778097.6
512000.0,542261.2
840000.0,746167.6
545000.0,528127.9
462000.0,476818.06
426000.0,465336.38
260000.0,242108.17
346500.0,366463.06
505500.0,483248.94
355000.0,305186.66
643403.0,818506.0
631500.0,604246.7
419900.0,416707.06
695000.0,606621.75
1045000.0,888493.56
450000.0,377760.4
165000.0,184713.56
260000.0,234241.2
485000.0,535177.5
355000.0,285744.66
442500.0,422171.3
277700.0,366374.5
368000.0,390242.44
1385000.0,1513237.2
375000.0,331435.28
590000.0,699948.9
390000.0,556382.25
840000.0,791108.0
315000.0,308787.5
535000.0,415725.0
565000.0,443425.3
284000.0,288159.62
315000.0,324542.78
525000.0,545865.5
340000.0,317977.56
925000.0,834180.9
353000.0,336125.22
668000.0,652672.94
340000.0,411200.78
640000.0,653309.8
300000.0,416270.38
795000.0,847691.6
465000.0,506246.66
650000.0,328962.6
699950.0,607065.25
225000.0,215892.22
435000.0,421650.25
420000.0,469310.75
750000.0,669074.8
468000.0,513274.22
998000.0,866933.75
635000.0,746695.5
246000.0,254495.5
386000.0,392723.1
380000.0,508269.94
182500.0,188702.67
280000.0,398048.2
380000.0,374150.78
452950.0,451911.06
89000.0,150130.7
658000.0,734665.6
275000.0,194971.98
453000.0,454734.88
950000.0,880554.44
1320000.0,1404109.2
790000.0,821578.75
605000.0,584521.4
207000.0,247379.81
247200.0,271741.0
1050000.0,1006625.7
481450.0,531881.06
167000.0,203283.4
474950.0,521762.1
1350000.0,1127069.0
330000.0,336922.38
555000.0,503752.5
775000.0,682074.4
840000.0,805402.1
230000.0,244702.72
510000.0,623620.75
207950.0,243809.7
666570.0,550550.7
457000.0,451090.1
420000.0,462928.72
400000.0,473730.6
250000.0,225452.94
840000.0,857714.0
905000.0,941190.6
418000.0,385623.22
1058800.0,740289.0
280017.0,304388.56
978500.0,968853.8
366750.0,379228.8
975000.0,1090877.0
290000.0,383174.34
522000.0,447672.53
230000.0,235780.78
580000.0,525985.44
317000.0,325801.62
615000.0,521735.8
450000.0,437173.84
562500.0,481208.34
950000.0,897184.1
822500.0,687132.9
209000.0,181311.47
1100000.0,1228179.6
275000.0,236378.64
950000.0,1014389.3
161500.0,209241.27
685000.0,592775.75
480000.0,494429.66
325000.0,286940.72
580000.0,533346.75
840000.0,797125.4
405000.0,424438.28
360000.0,518881.84
425000.0,366753.2
441000.0,290401.22
207000.0,253869.3
305000.0,318400.38
745000.0,640583.8
4500000.0,4157163.2
425000.0,443098.44
949950.0,1032457.44
186000.0,210321.69
485000.0,472174.7
699000.0,913349.06
500000.0,483463.47
848000.0,735015.56
380500.0,378011.88
358000.0,382170.84
217000.0,195510.25
1400000.0,1561644.1
1225000.0,1374839.1
420000.0,424814.1
333000.0,310980.3
840000.0,654491.3
527950.0,578789.5
435000.0,382290.28
303000.0,231010.12
373000.0,361797.16
505000.0,542439.8
625000.0,572789.56
241500.0,215207.58
399950.0,340840.84
660000.0,642744.44
741500.0,668163.5
675000.0,720802.25
1050000.0,1149473.2
1042000.0,1247345.5
358000.0,339813.6
620000.0,641988.06
360000.0,367094.88
745000.0,826782.75
375000.0,384094.22
389000.0,448792.94
340000.0,313947.56
1698890.0,1488409.6
395000.0,485423.66
449950.0,532447.44
754950.0,829626.94
160000.0,221666.47
675900.0,597870.44
428000.0,369669.97
359950.0,321201.62
375000.0,517965.78
652500.0,662798.2
620000.0,560019.9
475000.0,459705.4
564000.0,514362.28
435000.0,407286.2
859000.0,769912.06
400000.0,444707.22
225000.0,427439.7
353000.0,451747.06
197500.0,260297.8
535000.0,509779.16
234500.0,260444.6
190000.0,200135.95
360000.0,330240.97
475000.0,591905.9
510000.0,412011.66
208000.0,224368.14
700000.0,740392.06
310000.0,320453.97
280000.0,320743.0
605000.0,590324.8
220000.0,245604.23
699000.0,791995.6
331950.0,344772.75
295000.0,289840.4
345000.0,437263.7
582800.0,572490.94
448000.0,381056.8
1705000.0,1420711.9
930000.0,1004560.75
499000.0,484131.22
665000.0,707618.6
1920000.0,1851185.8
325000.0,285472.25
555000.0,678545.6
305000.0,401922.4
539950.0,586643.06
1200000.0,1100840.8
429950.0,380073.94
1000000.0,871794.56
537000.0,1228933.6
276000.0,310075.7
325000.0,291847.0
730000.0,671249.0
325000.0,319241.34
260750.0,233014.19
287000.0,314373.12
449000.0,425611.28
393000.0,441604.22
711000.0,686821.44
335000.0,368852.47
534000.0,556103.56
275000.0,266826.03
397000.0,390070.78
286000.0,283375.44
399950.0,419495.06
557500.0,534179.0
306000.0,347599.84
362362.0,236800.03
391500.0,408237.25
407450.0,408204.12
350000.0,365842.75
649950.0,586766.25
615000.0,555340.3
677100.0,757503.75
406500.0,492835.3
440000.0,445699.16
459000.0,412712.7
517534.0,349962.66
537000.0,528073.0
1155000.0,1227169.4
230000.0,267959.78
960000.0,918508.9
380000.0,437109.6
460000.0,415735.88
380000.0,450237.84
500000.0,493714.22
615000.0,556446.4
600000.0,720378.7
285000.0,303551.44
653450.0,636552.44
665900.0,617416.7
274000.0,227886.55
425000.0,564940.7
650000.0,609927.7
369000.0,379652.12
675000.0,749452.94
710000.0,794977.06
291500.0,309535.06
306500.0,264284.3
232000.0,209818.61
221000.0,241402.03
199000.0,241127.92
750000.0,637133.9
265000.0,254582.72
349990.0,362760.8
272950.0,253920.75
855000.0,779434.75
1350000.0,1392976.1
360000.0,346915.16
356500.0,348655.94
270000.0,344136.97
405000.0,375861.8
320000.0,227101.52
